id,id,organization_id,url,type,species,age,gender,size,name,status,status_changed_at,published_at,distance,breeds.primary,breeds.secondary,attributes.spayed_neutered,attributes.special_needs,attributes.shots_current,contact.address.city,contact.address.state,contact.address.postcode
69,49730907,TX2068,https://www.petfinder.com/dog/tango-49730907/tx/amarillo/panhandle-paws-of-hope-tx2068/?referrer_id=54b3e8b4-1f2b-4e09-ab92-c91e8b0bece0,Dog,Dog,Adult,Male,Medium,Tango,adoptable,2020-11-08T15:08:19+0000,2020-11-08T15:08:19+0000,0.0291,German Shepherd Dog,,TRUE,FALSE,TRUE,Amarillo,TX,79105
88,49590153,TX2068,https://www.petfinder.com/dog/karson-49590153/tx/amarillo/panhandle-paws-of-hope-tx2068/?referrer_id=54b3e8b4-1f2b-4e09-ab92-c91e8b0bece0,Dog,Dog,Baby,Male,Small,Karson,adoptable,2020-10-24T21:05:19+0000,2020-10-24T21:05:19+0000,0.0291,Pointer,Jack Russell Terrier,FALSE,FALSE,FALSE,Amarillo,TX,79105
89,49590144,TX2068,https://www.petfinder.com/dog/kirby-49590144/tx/amarillo/panhandle-paws-of-hope-tx2068/?referrer_id=54b3e8b4-1f2b-4e09-ab92-c91e8b0bece0,Dog,Dog,Baby,Male,Small,Kirby,adoptable,2020-10-24T21:03:34+0000,2020-10-24T21:03:34+0000,0.0291,Pointer,Jack Russell Terrier,FALSE,FALSE,FALSE,Amarillo,TX,79105
98,49539746,TX2068,https://www.petfinder.com/dog/puppies-49539746/tx/amarillo/panhandle-paws-of-hope-tx2068/?referrer_id=54b3e8b4-1f2b-4e09-ab92-c91e8b0bece0,Dog,Dog,Baby,Male,Small,Puppies,adoptable,2020-10-21T02:29:01+0000,2020-10-21T02:29:01+0000,0.0291,Pointer,Jack Russell Terrier,FALSE,FALSE,FALSE,Amarillo,TX,79105
99,49539728,TX2068,https://www.petfinder.com/dog/puppies-49539728/tx/amarillo/panhandle-paws-of-hope-tx2068/?referrer_id=54b3e8b4-1f2b-4e09-ab92-c91e8b0bece0,Dog,Dog,Baby,Female,Small,Puppies,adoptable,2020-10-21T02:23:53+0000,2020-10-21T02:23:53+0000,0.0291,Pointer,Jack Russell Terrier,FALSE,FALSE,FALSE,Amarillo,TX,79105
103,49460524,TX2068,https://www.petfinder.com/dog/lady-49460524/tx/amarillo/panhandle-paws-of-hope-tx2068/?referrer_id=54b3e8b4-1f2b-4e09-ab92-c91e8b0bece0,Dog,Dog,Adult,Female,Medium,Lady,adoptable,2020-10-14T21:36:31+0000,2020-10-14T21:36:31+0000,0.0291,German Shepherd Dog,Labrador Retriever,TRUE,FALSE,TRUE,Amarillo,TX,79105
115,49322379,TX2068,https://www.petfinder.com/dog/gypsy-49322379/tx/amarillo/panhandle-paws-of-hope-tx2068/?referrer_id=54b3e8b4-1f2b-4e09-ab92-c91e8b0bece0,Dog,Dog,Adult,Female,Medium,Gypsy,adoptable,2020-10-03T15:52:06+0000,2020-10-03T15:52:06+0000,0.0291,German Shepherd Dog,,TRUE,FALSE,TRUE,Amarillo,TX,79105
130,49188626,TX2068,https://www.petfinder.com/dog/bear-49188626/tx/amarillo/panhandle-paws-of-hope-tx2068/?referrer_id=54b3e8b4-1f2b-4e09-ab92-c91e8b0bece0,Dog,Dog,Adult,Male,Medium,Bear,adoptable,2020-09-23T01:42:41+0000,2020-09-23T01:42:41+0000,0.0291,Labrador Retriever,,TRUE,FALSE,TRUE,Amarillo,TX,79105
131,49188614,TX2068,https://www.petfinder.com/dog/onyx-49188614/tx/amarillo/panhandle-paws-of-hope-tx2068/?referrer_id=54b3e8b4-1f2b-4e09-ab92-c91e8b0bece0,Dog,Dog,Senior,Male,Medium,Onyx,adoptable,2020-09-23T01:40:30+0000,2020-09-23T01:40:30+0000,0.0291,Great Dane,Greyhound,TRUE,FALSE,TRUE,Amarillo,TX,79105
136,49131560,TX2068,https://www.petfinder.com/dog/rex-49131560/tx/amarillo/panhandle-paws-of-hope-tx2068/?referrer_id=54b3e8b4-1f2b-4e09-ab92-c91e8b0bece0,Dog,Dog,Adult,Male,Medium,Rex,adoptable,2020-09-17T22:35:06+0000,2020-09-17T22:35:06+0000,0.0291,German Shepherd Dog,,TRUE,FALSE,TRUE,Amarillo,TX,79105
138,49089471,TX1812,https://www.petfinder.com/dog/ginger-49089471/tx/amarillo/top-of-texas-corgi-rescue-tx1812/?referrer_id=54b3e8b4-1f2b-4e09-ab92-c91e8b0bece0,Dog,Dog,Senior,Female,Medium,Ginger,adoptable,2020-09-14T16:01:28+0000,2020-09-14T16:01:28+0000,3.0559,Corgi,,TRUE,TRUE,TRUE,Amarillo,TX,79103
150,48911795,TX2068,https://www.petfinder.com/dog/bruno-48911795/tx/amarillo/panhandle-paws-of-hope-tx2068/?referrer_id=54b3e8b4-1f2b-4e09-ab92-c91e8b0bece0,Dog,Dog,Young,Male,Medium,Bruno,adoptable,2020-08-29T03:22:08+0000,2020-08-29T03:22:08+0000,0.0291,Labrador Retriever,Hound,FALSE,FALSE,TRUE,Amarillo,TX,79105
158,48753033,TX2068,https://www.petfinder.com/dog/kona-48753033/tx/amarillo/panhandle-paws-of-hope-tx2068/?referrer_id=54b3e8b4-1f2b-4e09-ab92-c91e8b0bece0,Dog,Dog,Adult,Female,Medium,Kona,adoptable,2020-08-12T01:05:08+0000,2020-08-12T01:05:08+0000,0.0291,Pit Bull Terrier,,TRUE,FALSE,TRUE,Amarillo,TX,79105
173,48481828,TX2068,https://www.petfinder.com/dog/jax-48481828/tx/amarillo/panhandle-paws-of-hope-tx2068/?referrer_id=54b3e8b4-1f2b-4e09-ab92-c91e8b0bece0,Dog,Dog,Adult,Male,Medium,Jax,adoptable,2020-07-14T02:57:17+0000,2020-07-14T02:57:17+0000,0.0291,German Shepherd Dog,,TRUE,FALSE,TRUE,Amarillo,TX,79105
247,48146820,TX2068,https://www.petfinder.com/dog/parker-48146820/tx/amarillo/panhandle-paws-of-hope-tx2068/?referrer_id=54b3e8b4-1f2b-4e09-ab92-c91e8b0bece0,Dog,Dog,Adult,Male,Large,Parker,adoptable,2020-06-05T23:24:59+0000,2020-06-05T23:24:59+0000,0.0291,Greyhound,Great Dane,TRUE,FALSE,TRUE,Amarillo,TX,79105
250,48021935,TX2068,https://www.petfinder.com/dog/rosie-48021935/tx/amarillo/panhandle-paws-of-hope-tx2068/?referrer_id=54b3e8b4-1f2b-4e09-ab92-c91e8b0bece0,Dog,Dog,Adult,Female,Medium,Rosie,adoptable,2020-05-19T22:20:21+0000,2020-05-19T22:20:21+0000,0.0291,Anatolian Shepherd,,TRUE,FALSE,TRUE,Amarillo,TX,79105
251,48021910,TX2068,https://www.petfinder.com/dog/allie-48021910/tx/amarillo/panhandle-paws-of-hope-tx2068/?referrer_id=54b3e8b4-1f2b-4e09-ab92-c91e8b0bece0,Dog,Dog,Adult,Female,Medium,Allie,adoptable,2020-05-19T22:15:10+0000,2020-05-19T22:15:10+0000,0.0291,Doberman Pinscher,German Shepherd Dog,TRUE,FALSE,TRUE,Amarillo,TX,79105
259,47823081,TX2068,https://www.petfinder.com/dog/owen-47823081/tx/amarillo/panhandle-paws-of-hope-tx2068/?referrer_id=54b3e8b4-1f2b-4e09-ab92-c91e8b0bece0,Dog,Dog,Adult,Male,Medium,Owen,adoptable,2020-04-16T21:38:00+0000,2020-04-16T21:38:00+0000,0.0291,Pit Bull Terrier,,TRUE,FALSE,TRUE,Amarillo,TX,79105
261,47681904,TX2068,https://www.petfinder.com/dog/boone-47681904/tx/amarillo/panhandle-paws-of-hope-tx2068/?referrer_id=54b3e8b4-1f2b-4e09-ab92-c91e8b0bece0,Dog,Dog,Adult,Male,Medium,Boone,adoptable,2020-03-23T17:30:28+0000,2020-03-23T17:30:28+0000,0.0291,Pit Bull Terrier,,TRUE,FALSE,TRUE,Amarillo,TX,79105
264,47440081,TX2068,https://www.petfinder.com/dog/wonder-47440081/tx/amarillo/panhandle-paws-of-hope-tx2068/?referrer_id=54b3e8b4-1f2b-4e09-ab92-c91e8b0bece0,Dog,Dog,Senior,Male,Large,Wonder,adoptable,2020-03-02T21:10:27+0000,2020-03-02T21:10:27+0000,0.0291,Labrador Retriever,,TRUE,FALSE,TRUE,Amarillo,TX,79105
265,47430627,TX2068,https://www.petfinder.com/dog/chloe-47430627/tx/amarillo/panhandle-paws-of-hope-tx2068/?referrer_id=54b3e8b4-1f2b-4e09-ab92-c91e8b0bece0,Dog,Dog,Adult,Female,Medium,Chloe,adoptable,2020-02-20T21:40:15+0000,2020-02-20T21:40:15+0000,0.0291,Terrier,,TRUE,FALSE,TRUE,Amarillo,TX,79105
269,46215020,TX2068,https://www.petfinder.com/dog/daisy-46215020/tx/amarillo/panhandle-paws-of-hope-tx2068/?referrer_id=54b3e8b4-1f2b-4e09-ab92-c91e8b0bece0,Dog,Dog,Adult,Female,Medium,Daisy,adoptable,2019-10-08T20:35:09+0000,2019-10-08T20:35:09+0000,0.0291,Border Collie,,TRUE,FALSE,TRUE,Amarillo,TX,79105
278,43722169,TX2068,https://www.petfinder.com/dog/norman-43722169/tx/amarillo/panhandle-paws-of-hope-tx2068/?referrer_id=54b3e8b4-1f2b-4e09-ab92-c91e8b0bece0,Dog,Dog,Adult,Male,Small,Norman,adoptable,2019-01-08T20:58:50+0000,2019-01-08T20:58:50+0000,0.0291,Terrier,,TRUE,FALSE,TRUE,Amarillo,TX,79105
97,49541505,TX2053,https://www.petfinder.com/dog/cody-49541505/tx/crosbyton/animal-rescue-of-crosby-county-tx2053/?referrer_id=54b3e8b4-1f2b-4e09-ab92-c91e8b0bece0,Dog,Dog,Young,Male,Medium,Cody,adoptable,2020-10-21T08:56:47+0000,2020-10-21T08:56:47+0000,113.0569,Catahoula Leopard Dog,Labrador Retriever,FALSE,FALSE,FALSE,Crosbyton,TX,79322
132,49187422,TX2053,https://www.petfinder.com/dog/star-49187422/tx/crosbyton/animal-rescue-of-crosby-county-tx2053/?referrer_id=54b3e8b4-1f2b-4e09-ab92-c91e8b0bece0,Dog,Dog,Adult,Female,Medium,Star,adoptable,2020-09-23T00:03:31+0000,2020-09-23T00:03:31+0000,113.0569,Pit Bull Terrier,,TRUE,FALSE,TRUE,Crosbyton,TX,79322
139,49077860,TX2053,https://www.petfinder.com/dog/barney-49077860/tx/crosbyton/animal-rescue-of-crosby-county-tx2053/?referrer_id=54b3e8b4-1f2b-4e09-ab92-c91e8b0bece0,Dog,Dog,Adult,Male,Medium,Barney,adoptable,2020-09-13T08:56:49+0000,2020-09-13T08:56:49+0000,113.0569,Pit Bull Terrier,Labrador Retriever,TRUE,FALSE,TRUE,Crosbyton,TX,79322
140,49077857,TX2053,https://www.petfinder.com/dog/lucy-49077857/tx/crosbyton/animal-rescue-of-crosby-county-tx2053/?referrer_id=54b3e8b4-1f2b-4e09-ab92-c91e8b0bece0,Dog,Dog,Adult,Female,Medium,Lucy,adoptable,2020-09-13T08:56:49+0000,2020-09-13T08:56:49+0000,113.0569,German Shepherd Dog,Chow Chow,TRUE,FALSE,TRUE,Crosbyton,TX,79322
141,49077865,TX2053,https://www.petfinder.com/dog/honey-49077865/tx/crosbyton/animal-rescue-of-crosby-county-tx2053/?referrer_id=54b3e8b4-1f2b-4e09-ab92-c91e8b0bece0,Dog,Dog,Adult,Female,Medium,Honey,adoptable,2020-09-13T08:56:49+0000,2020-09-13T08:56:49+0000,113.0569,Pit Bull Terrier,Labrador Retriever,TRUE,FALSE,TRUE,Crosbyton,TX,79322
255,47896878,TX2053,https://www.petfinder.com/dog/owen-47896878/tx/crosbyton/animal-rescue-of-crosby-county-tx2053/?referrer_id=54b3e8b4-1f2b-4e09-ab92-c91e8b0bece0,Dog,Dog,Adult,Male,Large,Owen,adoptable,2020-04-29T18:36:41+0000,2020-04-29T18:36:41+0000,113.0569,Pit Bull Terrier,,TRUE,FALSE,TRUE,Crosbyton,TX,79322
258,47874851,TX2053,https://www.petfinder.com/dog/daisy-47874851/tx/crosbyton/animal-rescue-of-crosby-county-tx2053/?referrer_id=54b3e8b4-1f2b-4e09-ab92-c91e8b0bece0,Dog,Dog,Baby,Female,Medium,Daisy,adoptable,2020-04-25T18:36:47+0000,2020-04-25T18:36:47+0000,113.0569,Pit Bull Terrier,,FALSE,FALSE,FALSE,Crosbyton,TX,79322
263,47570504,TX2053,https://www.petfinder.com/dog/hope-47570504/tx/crosbyton/animal-rescue-of-crosby-county-tx2053/?referrer_id=54b3e8b4-1f2b-4e09-ab92-c91e8b0bece0,Dog,Dog,Senior,Female,Medium,Hope,adoptable,2020-03-09T01:02:19+0000,2020-03-09T01:02:19+0000,113.0569,Pit Bull Terrier,Mixed Breed,TRUE,FALSE,TRUE,Crosbyton,TX,79322
267,47018150,TX2053,https://www.petfinder.com/dog/greta-47018150/tx/crosbyton/animal-rescue-of-crosby-county-tx2053/?referrer_id=54b3e8b4-1f2b-4e09-ab92-c91e8b0bece0,Dog,Dog,Baby,Female,Medium,Greta,adoptable,2020-01-03T19:37:14+0000,2020-01-03T19:37:14+0000,113.0569,Chihuahua,,FALSE,FALSE,FALSE,Crosbyton,TX,79322
268,46821121,TX2053,https://www.petfinder.com/dog/oreo-46821121/tx/crosbyton/animal-rescue-of-crosby-county-tx2053/?referrer_id=54b3e8b4-1f2b-4e09-ab92-c91e8b0bece0,Dog,Dog,Adult,Male,Medium,Oreo,adoptable,2019-12-11T20:28:14+0000,2019-12-11T20:28:14+0000,113.0569,Pit Bull Terrier,,TRUE,FALSE,TRUE,Crosbyton,TX,79322
102,49462199,TX644,https://www.petfinder.com/dog/almond-49462199/tx/dalhart/dawgsntexas-aka-dalhart-animal-wellness-group-and-sanctuary-tx644/?referrer_id=54b3e8b4-1f2b-4e09-ab92-c91e8b0bece0,Dog,Dog,Adult,Female,Small,ALMOND,adoptable,2020-10-14T23:25:33+0000,2020-10-14T23:25:33+0000,70.4342,Husky,,FALSE,FALSE,TRUE,Dalhart,TX,79022
108,49348275,TX644,https://www.petfinder.com/dog/grandpa-49348275/tx/dalhart/dawgsntexas-aka-dalhart-animal-wellness-group-and-sanctuary-tx644/?referrer_id=54b3e8b4-1f2b-4e09-ab92-c91e8b0bece0,Dog,Dog,Senior,Male,Small,GRANDPA,adoptable,2020-10-05T21:25:15+0000,2020-10-05T21:25:15+0000,70.4342,Australian Shepherd,,FALSE,FALSE,TRUE,Dalhart,TX,79022
109,49348280,TX644,https://www.petfinder.com/dog/greta-49348280/tx/dalhart/dawgsntexas-aka-dalhart-animal-wellness-group-and-sanctuary-tx644/?referrer_id=54b3e8b4-1f2b-4e09-ab92-c91e8b0bece0,Dog,Dog,Adult,Female,Small,GRETA,adoptable,2020-10-05T21:25:15+0000,2020-10-05T21:25:15+0000,70.4342,Pit Bull Terrier,,FALSE,FALSE,TRUE,Dalhart,TX,79022
110,49348296,TX644,https://www.petfinder.com/dog/ruth-49348296/tx/dalhart/dawgsntexas-aka-dalhart-animal-wellness-group-and-sanctuary-tx644/?referrer_id=54b3e8b4-1f2b-4e09-ab92-c91e8b0bece0,Dog,Dog,Young,Female,Small,RUTH,adoptable,2020-10-05T21:25:15+0000,2020-10-05T21:25:15+0000,70.4342,Australian Cattle Dog / Blue Heeler,,FALSE,FALSE,TRUE,Dalhart,TX,79022
111,49348285,TX644,https://www.petfinder.com/dog/gus-49348285/tx/dalhart/dawgsntexas-aka-dalhart-animal-wellness-group-and-sanctuary-tx644/?referrer_id=54b3e8b4-1f2b-4e09-ab92-c91e8b0bece0,Dog,Dog,Senior,Male,Small,GUS,adoptable,2020-10-05T21:25:15+0000,2020-10-05T21:25:15+0000,70.4342,Rottweiler,,FALSE,FALSE,TRUE,Dalhart,TX,79022
112,49348283,TX644,https://www.petfinder.com/dog/ralph-49348283/tx/dalhart/dawgsntexas-aka-dalhart-animal-wellness-group-and-sanctuary-tx644/?referrer_id=54b3e8b4-1f2b-4e09-ab92-c91e8b0bece0,Dog,Dog,Young,Male,Small,RALPH,adoptable,2020-10-05T21:25:15+0000,2020-10-05T21:25:15+0000,70.4342,Cattle Dog,,FALSE,FALSE,TRUE,Dalhart,TX,79022
123,49239386,TX644,https://www.petfinder.com/dog/rocky-ii-49239386/tx/dalhart/dawgsntexas-aka-dalhart-animal-wellness-group-and-sanctuary-tx644/?referrer_id=54b3e8b4-1f2b-4e09-ab92-c91e8b0bece0,Dog,Dog,Senior,Male,Medium,ROCKY II,adoptable,2020-09-27T01:25:33+0000,2020-09-27T01:25:33+0000,70.4342,Shepherd,,TRUE,FALSE,TRUE,Dalhart,TX,79022
124,49239387,TX644,https://www.petfinder.com/dog/thelma-49239387/tx/dalhart/dawgsntexas-aka-dalhart-animal-wellness-group-and-sanctuary-tx644/?referrer_id=54b3e8b4-1f2b-4e09-ab92-c91e8b0bece0,Dog,Dog,Adult,Female,Small,THELMA,adoptable,2020-09-27T01:25:33+0000,2020-09-27T01:25:33+0000,70.4342,Pit Bull Terrier,,FALSE,FALSE,TRUE,Dalhart,TX,79022
133,49153610,TX644,https://www.petfinder.com/dog/cujo-49153610/tx/dalhart/dawgsntexas-aka-dalhart-animal-wellness-group-and-sanctuary-tx644/?referrer_id=54b3e8b4-1f2b-4e09-ab92-c91e8b0bece0,Dog,Dog,Adult,Male,Small,CUJO,adoptable,2020-09-19T22:25:24+0000,2020-09-19T22:25:24+0000,70.4342,Anatolian Shepherd,,FALSE,FALSE,TRUE,Dalhart,TX,79022
134,49153611,TX644,https://www.petfinder.com/dog/big-joe-49153611/tx/dalhart/dawgsntexas-aka-dalhart-animal-wellness-group-and-sanctuary-tx644/?referrer_id=54b3e8b4-1f2b-4e09-ab92-c91e8b0bece0,Dog,Dog,Adult,Male,Small,BIG JOE,adoptable,2020-09-19T22:25:24+0000,2020-09-19T22:25:24+0000,70.4342,Anatolian Shepherd,,FALSE,FALSE,TRUE,Dalhart,TX,79022
162,48580117,TX644,https://www.petfinder.com/dog/baylor-48580117/tx/dalhart/dawgsntexas-aka-dalhart-animal-wellness-group-and-sanctuary-tx644/?referrer_id=54b3e8b4-1f2b-4e09-ab92-c91e8b0bece0,Dog,Dog,Young,Male,Small,BAYLOR,adoptable,2020-07-24T00:25:23+0000,2020-07-24T00:25:23+0000,70.4342,Labrador Retriever,Pit Bull Terrier,FALSE,FALSE,TRUE,Dalhart,TX,79022
163,48580121,TX644,https://www.petfinder.com/dog/nola-48580121/tx/dalhart/dawgsntexas-aka-dalhart-animal-wellness-group-and-sanctuary-tx644/?referrer_id=54b3e8b4-1f2b-4e09-ab92-c91e8b0bece0,Dog,Dog,Adult,Female,Small,NOLA,adoptable,2020-07-24T00:25:23+0000,2020-07-24T00:25:23+0000,70.4342,Pit Bull Terrier,,FALSE,FALSE,TRUE,Dalhart,TX,79022
164,48580118,TX644,https://www.petfinder.com/dog/duke-48580118/tx/dalhart/dawgsntexas-aka-dalhart-animal-wellness-group-and-sanctuary-tx644/?referrer_id=54b3e8b4-1f2b-4e09-ab92-c91e8b0bece0,Dog,Dog,Young,Male,Small,DUKE,adoptable,2020-07-24T00:25:23+0000,2020-07-24T00:25:23+0000,70.4342,Labrador Retriever,,FALSE,FALSE,TRUE,Dalhart,TX,79022
165,48580119,TX644,https://www.petfinder.com/dog/bob-48580119/tx/dalhart/dawgsntexas-aka-dalhart-animal-wellness-group-and-sanctuary-tx644/?referrer_id=54b3e8b4-1f2b-4e09-ab92-c91e8b0bece0,Dog,Dog,Young,Male,Small,BOB,adoptable,2020-07-24T00:25:23+0000,2020-07-24T00:25:23+0000,70.4342,Shepherd,,FALSE,FALSE,TRUE,Dalhart,TX,79022
166,48580114,TX644,https://www.petfinder.com/dog/booker-48580114/tx/dalhart/dawgsntexas-aka-dalhart-animal-wellness-group-and-sanctuary-tx644/?referrer_id=54b3e8b4-1f2b-4e09-ab92-c91e8b0bece0,Dog,Dog,Adult,Male,Small,BOOKER,adoptable,2020-07-24T00:25:23+0000,2020-07-24T00:25:23+0000,70.4342,Pit Bull Terrier,,FALSE,FALSE,TRUE,Dalhart,TX,79022
175,48356971,TX644,https://www.petfinder.com/dog/roy-48356971/tx/dalhart/dawgsntexas-aka-dalhart-animal-wellness-group-and-sanctuary-tx644/?referrer_id=54b3e8b4-1f2b-4e09-ab92-c91e8b0bece0,Dog,Dog,Adult,Male,Small,ROY,adoptable,2020-06-30T02:25:28+0000,2020-06-30T02:25:28+0000,70.4342,Hound,,FALSE,FALSE,TRUE,Dalhart,TX,79022
176,48356972,TX644,https://www.petfinder.com/dog/ryan-48356972/tx/dalhart/dawgsntexas-aka-dalhart-animal-wellness-group-and-sanctuary-tx644/?referrer_id=54b3e8b4-1f2b-4e09-ab92-c91e8b0bece0,Dog,Dog,Adult,Male,Small,RYAN,adoptable,2020-06-30T02:25:28+0000,2020-06-30T02:25:28+0000,70.4342,Black Labrador Retriever,,FALSE,FALSE,TRUE,Dalhart,TX,79022
177,48356970,TX644,https://www.petfinder.com/dog/simon-48356970/tx/dalhart/dawgsntexas-aka-dalhart-animal-wellness-group-and-sanctuary-tx644/?referrer_id=54b3e8b4-1f2b-4e09-ab92-c91e8b0bece0,Dog,Dog,Adult,Male,Small,SIMON,adoptable,2020-06-30T02:25:28+0000,2020-06-30T02:25:28+0000,70.4342,Shepherd,,FALSE,FALSE,TRUE,Dalhart,TX,79022
178,48356969,TX644,https://www.petfinder.com/dog/spike-48356969/tx/dalhart/dawgsntexas-aka-dalhart-animal-wellness-group-and-sanctuary-tx644/?referrer_id=54b3e8b4-1f2b-4e09-ab92-c91e8b0bece0,Dog,Dog,Adult,Male,Small,SPIKE,adoptable,2020-06-30T02:25:28+0000,2020-06-30T02:25:28+0000,70.4342,Shepherd,,FALSE,FALSE,TRUE,Dalhart,TX,79022
179,48356688,TX644,https://www.petfinder.com/dog/valerie-48356688/tx/dalhart/dawgsntexas-aka-dalhart-animal-wellness-group-and-sanctuary-tx644/?referrer_id=54b3e8b4-1f2b-4e09-ab92-c91e8b0bece0,Dog,Dog,Adult,Female,Small,VALERIE,adoptable,2020-06-30T01:25:14+0000,2020-06-30T01:25:14+0000,70.4342,Shepherd,,FALSE,FALSE,TRUE,Dalhart,TX,79022
180,48356688,TX644,https://www.petfinder.com/dog/valerie-48356688/tx/dalhart/dawgsntexas-aka-dalhart-animal-wellness-group-and-sanctuary-tx644/?referrer_id=54b3e8b4-1f2b-4e09-ab92-c91e8b0bece0,Dog,Dog,Adult,Female,Small,VALERIE,adoptable,2020-06-30T01:25:14+0000,2020-06-30T01:25:14+0000,70.4342,Shepherd,,FALSE,FALSE,TRUE,Dalhart,TX,79022
181,48317466,TX644,https://www.petfinder.com/dog/elroy-48317466/tx/dalhart/dawgsntexas-aka-dalhart-animal-wellness-group-and-sanctuary-tx644/?referrer_id=54b3e8b4-1f2b-4e09-ab92-c91e8b0bece0,Dog,Dog,Young,Male,Small,Elroy,adoptable,2020-06-25T14:47:23+0000,2020-06-25T14:47:23+0000,70.4342,Shepherd,,FALSE,FALSE,TRUE,Dalhart,TX,79022
182,48317403,TX644,https://www.petfinder.com/dog/bella2-48317403/tx/dalhart/dawgsntexas-aka-dalhart-animal-wellness-group-and-sanctuary-tx644/?referrer_id=54b3e8b4-1f2b-4e09-ab92-c91e8b0bece0,Dog,Dog,Adult,Female,Small,BELLA2,adoptable,2020-06-25T14:47:23+0000,2020-06-25T14:47:23+0000,70.4342,Labrador Retriever,,FALSE,FALSE,TRUE,Dalhart,TX,79022
183,48317381,TX644,https://www.petfinder.com/dog/ben-48317381/tx/dalhart/dawgsntexas-aka-dalhart-animal-wellness-group-and-sanctuary-tx644/?referrer_id=54b3e8b4-1f2b-4e09-ab92-c91e8b0bece0,Dog,Dog,Adult,Male,Small,Ben,adoptable,2020-06-25T14:47:23+0000,2020-06-25T14:47:23+0000,70.4342,Labrador Retriever,,FALSE,FALSE,TRUE,Dalhart,TX,79022
184,48317462,TX644,https://www.petfinder.com/dog/alexa-48317462/tx/dalhart/dawgsntexas-aka-dalhart-animal-wellness-group-and-sanctuary-tx644/?referrer_id=54b3e8b4-1f2b-4e09-ab92-c91e8b0bece0,Dog,Dog,Adult,Female,Small,ALEXA,adoptable,2020-06-25T14:47:23+0000,2020-06-25T14:47:23+0000,70.4342,Husky,,FALSE,FALSE,TRUE,Dalhart,TX,79022
185,48317465,TX644,https://www.petfinder.com/dog/kimmie-48317465/tx/dalhart/dawgsntexas-aka-dalhart-animal-wellness-group-and-sanctuary-tx644/?referrer_id=54b3e8b4-1f2b-4e09-ab92-c91e8b0bece0,Dog,Dog,Adult,Female,Small,Kimmie,adoptable,2020-06-25T14:47:23+0000,2020-06-25T14:47:23+0000,70.4342,Yellow Labrador Retriever,Pit Bull Terrier,FALSE,FALSE,TRUE,Dalhart,TX,79022
186,48317383,TX644,https://www.petfinder.com/dog/jerry-48317383/tx/dalhart/dawgsntexas-aka-dalhart-animal-wellness-group-and-sanctuary-tx644/?referrer_id=54b3e8b4-1f2b-4e09-ab92-c91e8b0bece0,Dog,Dog,Adult,Male,Small,Jerry,adoptable,2020-06-25T14:47:23+0000,2020-06-25T14:47:23+0000,70.4342,Border Collie,Rottweiler,FALSE,FALSE,TRUE,Dalhart,TX,79022
187,48317396,TX644,https://www.petfinder.com/dog/barry-48317396/tx/dalhart/dawgsntexas-aka-dalhart-animal-wellness-group-and-sanctuary-tx644/?referrer_id=54b3e8b4-1f2b-4e09-ab92-c91e8b0bece0,Dog,Dog,Adult,Male,Small,BARRY,adoptable,2020-06-25T14:47:23+0000,2020-06-25T14:47:23+0000,70.4342,Catahoula Leopard Dog,,FALSE,FALSE,TRUE,Dalhart,TX,79022
188,48317486,TX644,https://www.petfinder.com/dog/cleatus-48317486/tx/dalhart/dawgsntexas-aka-dalhart-animal-wellness-group-and-sanctuary-tx644/?referrer_id=54b3e8b4-1f2b-4e09-ab92-c91e8b0bece0,Dog,Dog,Adult,Male,Medium,CLEATUS,adoptable,2020-06-25T14:47:23+0000,2020-06-25T14:47:23+0000,70.4342,Shepherd,,TRUE,FALSE,TRUE,Dalhart,TX,79022
189,48317409,TX644,https://www.petfinder.com/dog/shayna-48317409/tx/dalhart/dawgsntexas-aka-dalhart-animal-wellness-group-and-sanctuary-tx644/?referrer_id=54b3e8b4-1f2b-4e09-ab92-c91e8b0bece0,Dog,Dog,Young,Female,Medium,SHAYNA,adoptable,2020-06-25T14:47:23+0000,2020-06-25T14:47:23+0000,70.4342,Labrador Retriever,,TRUE,FALSE,TRUE,Dalhart,TX,79022
190,48317402,TX644,https://www.petfinder.com/dog/tex-48317402/tx/dalhart/dawgsntexas-aka-dalhart-animal-wellness-group-and-sanctuary-tx644/?referrer_id=54b3e8b4-1f2b-4e09-ab92-c91e8b0bece0,Dog,Dog,Adult,Male,Medium,TEX,adoptable,2020-06-25T14:47:23+0000,2020-06-25T14:47:23+0000,70.4342,Labrador Retriever,Pit Bull Terrier,FALSE,FALSE,TRUE,Dalhart,TX,79022
191,48317470,TX644,https://www.petfinder.com/dog/gemma-48317470/tx/dalhart/dawgsntexas-aka-dalhart-animal-wellness-group-and-sanctuary-tx644/?referrer_id=54b3e8b4-1f2b-4e09-ab92-c91e8b0bece0,Dog,Dog,Adult,Female,Small,GEMMA,adoptable,2020-06-25T14:47:23+0000,2020-06-25T14:47:23+0000,70.4342,Boxer,,FALSE,FALSE,TRUE,Dalhart,TX,79022
192,48317417,TX644,https://www.petfinder.com/dog/sarg-48317417/tx/dalhart/dawgsntexas-aka-dalhart-animal-wellness-group-and-sanctuary-tx644/?referrer_id=54b3e8b4-1f2b-4e09-ab92-c91e8b0bece0,Dog,Dog,Young,Male,Small,SARG,adoptable,2020-06-25T14:47:23+0000,2020-06-25T14:47:23+0000,70.4342,Pit Bull Terrier,,FALSE,FALSE,TRUE,Dalhart,TX,79022
193,48317455,TX644,https://www.petfinder.com/dog/chic-ah-48317455/tx/dalhart/dawgsntexas-aka-dalhart-animal-wellness-group-and-sanctuary-tx644/?referrer_id=54b3e8b4-1f2b-4e09-ab92-c91e8b0bece0,Dog,Dog,Adult,Female,Small,chic-ah,adoptable,2020-06-25T14:47:23+0000,2020-06-25T14:47:23+0000,70.4342,Black Labrador Retriever,,FALSE,FALSE,TRUE,Dalhart,TX,79022
194,48317488,TX644,https://www.petfinder.com/dog/chelsea-48317488/tx/dalhart/dawgsntexas-aka-dalhart-animal-wellness-group-and-sanctuary-tx644/?referrer_id=54b3e8b4-1f2b-4e09-ab92-c91e8b0bece0,Dog,Dog,Adult,Female,Small,Chelsea,adoptable,2020-06-25T14:47:23+0000,2020-06-25T14:47:23+0000,70.4342,Labrador Retriever,,FALSE,FALSE,TRUE,Dalhart,TX,79022
195,48317394,TX644,https://www.petfinder.com/dog/paris-48317394/tx/dalhart/dawgsntexas-aka-dalhart-animal-wellness-group-and-sanctuary-tx644/?referrer_id=54b3e8b4-1f2b-4e09-ab92-c91e8b0bece0,Dog,Dog,Adult,Female,Small,Paris,adoptable,2020-06-25T14:47:23+0000,2020-06-25T14:47:23+0000,70.4342,Labrador Retriever,Shepherd,TRUE,FALSE,TRUE,Dalhart,TX,79022
196,48317443,TX644,https://www.petfinder.com/dog/star-48317443/tx/dalhart/dawgsntexas-aka-dalhart-animal-wellness-group-and-sanctuary-tx644/?referrer_id=54b3e8b4-1f2b-4e09-ab92-c91e8b0bece0,Dog,Dog,Adult,Female,Small,Star,adoptable,2020-06-25T14:47:23+0000,2020-06-25T14:47:23+0000,70.4342,Boxer,Pit Bull Terrier,FALSE,FALSE,TRUE,Dalhart,TX,79022
197,48317453,TX644,https://www.petfinder.com/dog/rosie-ii-48317453/tx/dalhart/dawgsntexas-aka-dalhart-animal-wellness-group-and-sanctuary-tx644/?referrer_id=54b3e8b4-1f2b-4e09-ab92-c91e8b0bece0,Dog,Dog,Adult,Female,Small,ROSIE II,adoptable,2020-06-25T14:47:23+0000,2020-06-25T14:47:23+0000,70.4342,Australian Kelpie,Labrador Retriever,FALSE,FALSE,TRUE,Dalhart,TX,79022
198,48317380,TX644,https://www.petfinder.com/dog/lizzie-48317380/tx/dalhart/dawgsntexas-aka-dalhart-animal-wellness-group-and-sanctuary-tx644/?referrer_id=54b3e8b4-1f2b-4e09-ab92-c91e8b0bece0,Dog,Dog,Adult,Female,Small,LIZZIE,adoptable,2020-06-25T14:47:23+0000,2020-06-25T14:47:23+0000,70.4342,Pit Bull Terrier,,FALSE,FALSE,TRUE,Dalhart,TX,79022
199,48317385,TX644,https://www.petfinder.com/dog/spruce-48317385/tx/dalhart/dawgsntexas-aka-dalhart-animal-wellness-group-and-sanctuary-tx644/?referrer_id=54b3e8b4-1f2b-4e09-ab92-c91e8b0bece0,Dog,Dog,Young,Male,Small,Spruce,adoptable,2020-06-25T14:47:23+0000,2020-06-25T14:47:23+0000,70.4342,Labrador Retriever,,FALSE,FALSE,TRUE,Dalhart,TX,79022
200,48317426,TX644,https://www.petfinder.com/dog/rebel-48317426/tx/dalhart/dawgsntexas-aka-dalhart-animal-wellness-group-and-sanctuary-tx644/?referrer_id=54b3e8b4-1f2b-4e09-ab92-c91e8b0bece0,Dog,Dog,Adult,Male,Small,REBEL,adoptable,2020-06-25T14:47:23+0000,2020-06-25T14:47:23+0000,70.4342,Labrador Retriever,,FALSE,FALSE,TRUE,Dalhart,TX,79022
201,48317476,TX644,https://www.petfinder.com/dog/teller-48317476/tx/dalhart/dawgsntexas-aka-dalhart-animal-wellness-group-and-sanctuary-tx644/?referrer_id=54b3e8b4-1f2b-4e09-ab92-c91e8b0bece0,Dog,Dog,Adult,Male,Small,Teller,adoptable,2020-06-25T14:47:23+0000,2020-06-25T14:47:23+0000,70.4342,Labrador Retriever,Pit Bull Terrier,FALSE,FALSE,TRUE,Dalhart,TX,79022
202,48317487,TX644,https://www.petfinder.com/dog/smith-48317487/tx/dalhart/dawgsntexas-aka-dalhart-animal-wellness-group-and-sanctuary-tx644/?referrer_id=54b3e8b4-1f2b-4e09-ab92-c91e8b0bece0,Dog,Dog,Young,Male,Small,SMITH,adoptable,2020-06-25T14:47:23+0000,2020-06-25T14:47:23+0000,70.4342,Pit Bull Terrier,,TRUE,FALSE,TRUE,Dalhart,TX,79022
203,48317395,TX644,https://www.petfinder.com/dog/barney-48317395/tx/dalhart/dawgsntexas-aka-dalhart-animal-wellness-group-and-sanctuary-tx644/?referrer_id=54b3e8b4-1f2b-4e09-ab92-c91e8b0bece0,Dog,Dog,Adult,Male,Medium,BARNEY,adoptable,2020-06-25T14:47:23+0000,2020-06-25T14:47:23+0000,70.4342,Boxer,,TRUE,FALSE,TRUE,Dalhart,TX,79022
204,48317489,TX644,https://www.petfinder.com/dog/clara-48317489/tx/dalhart/dawgsntexas-aka-dalhart-animal-wellness-group-and-sanctuary-tx644/?referrer_id=54b3e8b4-1f2b-4e09-ab92-c91e8b0bece0,Dog,Dog,Young,Female,Small,Clara,adoptable,2020-06-25T14:47:23+0000,2020-06-25T14:47:23+0000,70.4342,Labrador Retriever,,FALSE,FALSE,TRUE,Dalhart,TX,79022
205,48317415,TX644,https://www.petfinder.com/dog/hercules-48317415/tx/dalhart/dawgsntexas-aka-dalhart-animal-wellness-group-and-sanctuary-tx644/?referrer_id=54b3e8b4-1f2b-4e09-ab92-c91e8b0bece0,Dog,Dog,Adult,Male,Medium,HERCULES,adoptable,2020-06-25T14:47:23+0000,2020-06-25T14:47:23+0000,70.4342,Labrador Retriever,Shepherd,FALSE,FALSE,TRUE,Dalhart,TX,79022
206,48317403,TX644,https://www.petfinder.com/dog/bella2-48317403/tx/dalhart/dawgsntexas-aka-dalhart-animal-wellness-group-and-sanctuary-tx644/?referrer_id=54b3e8b4-1f2b-4e09-ab92-c91e8b0bece0,Dog,Dog,Adult,Female,Small,BELLA2,adoptable,2020-06-25T14:47:23+0000,2020-06-25T14:47:23+0000,70.4342,Labrador Retriever,,FALSE,FALSE,TRUE,Dalhart,TX,79022
207,48317450,TX644,https://www.petfinder.com/dog/ewan-48317450/tx/dalhart/dawgsntexas-aka-dalhart-animal-wellness-group-and-sanctuary-tx644/?referrer_id=54b3e8b4-1f2b-4e09-ab92-c91e8b0bece0,Dog,Dog,Young,Male,Small,Ewan,adoptable,2020-06-25T14:47:23+0000,2020-06-25T14:47:23+0000,70.4342,Shepherd,,FALSE,FALSE,TRUE,Dalhart,TX,79022
208,48317466,TX644,https://www.petfinder.com/dog/elroy-48317466/tx/dalhart/dawgsntexas-aka-dalhart-animal-wellness-group-and-sanctuary-tx644/?referrer_id=54b3e8b4-1f2b-4e09-ab92-c91e8b0bece0,Dog,Dog,Young,Male,Small,Elroy,adoptable,2020-06-25T14:47:23+0000,2020-06-25T14:47:23+0000,70.4342,Shepherd,,FALSE,FALSE,TRUE,Dalhart,TX,79022
209,48317441,TX644,https://www.petfinder.com/dog/cyrus-48317441/tx/dalhart/dawgsntexas-aka-dalhart-animal-wellness-group-and-sanctuary-tx644/?referrer_id=54b3e8b4-1f2b-4e09-ab92-c91e8b0bece0,Dog,Dog,Adult,Male,Small,Cyrus,adoptable,2020-06-25T14:47:23+0000,2020-06-25T14:47:23+0000,70.4342,Labrador Retriever,,FALSE,FALSE,TRUE,Dalhart,TX,79022
210,48317449,TX644,https://www.petfinder.com/dog/caitlin-48317449/tx/dalhart/dawgsntexas-aka-dalhart-animal-wellness-group-and-sanctuary-tx644/?referrer_id=54b3e8b4-1f2b-4e09-ab92-c91e8b0bece0,Dog,Dog,Young,Female,Small,Caitlin,adoptable,2020-06-25T14:47:23+0000,2020-06-25T14:47:23+0000,70.4342,Labrador Retriever,,FALSE,FALSE,TRUE,Dalhart,TX,79022
211,48317461,TX644,https://www.petfinder.com/dog/hobbs-48317461/tx/dalhart/dawgsntexas-aka-dalhart-animal-wellness-group-and-sanctuary-tx644/?referrer_id=54b3e8b4-1f2b-4e09-ab92-c91e8b0bece0,Dog,Dog,Adult,Male,Medium,HOBBS,adoptable,2020-06-25T14:47:23+0000,2020-06-25T14:47:23+0000,70.4342,Catahoula Leopard Dog,,FALSE,FALSE,TRUE,Dalhart,TX,79022
212,48317431,TX644,https://www.petfinder.com/dog/carly-48317431/tx/dalhart/dawgsntexas-aka-dalhart-animal-wellness-group-and-sanctuary-tx644/?referrer_id=54b3e8b4-1f2b-4e09-ab92-c91e8b0bece0,Dog,Dog,Young,Female,Small,Carly,adoptable,2020-06-25T14:47:23+0000,2020-06-25T14:47:23+0000,70.4342,Labrador Retriever,,FALSE,FALSE,TRUE,Dalhart,TX,79022
213,48317437,TX644,https://www.petfinder.com/dog/linus-48317437/tx/dalhart/dawgsntexas-aka-dalhart-animal-wellness-group-and-sanctuary-tx644/?referrer_id=54b3e8b4-1f2b-4e09-ab92-c91e8b0bece0,Dog,Dog,Adult,Male,Small,Linus,adoptable,2020-06-25T14:47:23+0000,2020-06-25T14:47:23+0000,70.4342,Labrador Retriever,,FALSE,FALSE,TRUE,Dalhart,TX,79022
214,48317413,TX644,https://www.petfinder.com/dog/harleen-48317413/tx/dalhart/dawgsntexas-aka-dalhart-animal-wellness-group-and-sanctuary-tx644/?referrer_id=54b3e8b4-1f2b-4e09-ab92-c91e8b0bece0,Dog,Dog,Young,Female,Small,Harleen,adoptable,2020-06-25T14:47:23+0000,2020-06-25T14:47:23+0000,70.4342,Pit Bull Terrier,,TRUE,FALSE,TRUE,Dalhart,TX,79022
215,48317372,TX644,https://www.petfinder.com/dog/adam-48317372/tx/dalhart/dawgsntexas-aka-dalhart-animal-wellness-group-and-sanctuary-tx644/?referrer_id=54b3e8b4-1f2b-4e09-ab92-c91e8b0bece0,Dog,Dog,Adult,Male,Small,Adam,adoptable,2020-06-25T14:47:23+0000,2020-06-25T14:47:23+0000,70.4342,Cattle Dog,,FALSE,FALSE,TRUE,Dalhart,TX,79022
216,48317419,TX644,https://www.petfinder.com/dog/clover-48317419/tx/dalhart/dawgsntexas-aka-dalhart-animal-wellness-group-and-sanctuary-tx644/?referrer_id=54b3e8b4-1f2b-4e09-ab92-c91e8b0bece0,Dog,Dog,Young,Female,Small,Clover,adoptable,2020-06-25T14:47:23+0000,2020-06-25T14:47:23+0000,70.4342,Labrador Retriever,,FALSE,FALSE,TRUE,Dalhart,TX,79022
217,48317478,TX644,https://www.petfinder.com/dog/xena-48317478/tx/dalhart/dawgsntexas-aka-dalhart-animal-wellness-group-and-sanctuary-tx644/?referrer_id=54b3e8b4-1f2b-4e09-ab92-c91e8b0bece0,Dog,Dog,Adult,Female,Medium,Xena,adoptable,2020-06-25T14:47:23+0000,2020-06-25T14:47:23+0000,70.4342,Pit Bull Terrier,Labrador Retriever,FALSE,FALSE,TRUE,Dalhart,TX,79022
218,48317405,TX644,https://www.petfinder.com/dog/shadow-48317405/tx/dalhart/dawgsntexas-aka-dalhart-animal-wellness-group-and-sanctuary-tx644/?referrer_id=54b3e8b4-1f2b-4e09-ab92-c91e8b0bece0,Dog,Dog,Young,Male,Medium,SHADOW,adoptable,2020-06-25T14:47:23+0000,2020-06-25T14:47:23+0000,70.4342,Labrador Retriever,,FALSE,FALSE,TRUE,Dalhart,TX,79022
219,48317427,TX644,https://www.petfinder.com/dog/cher-48317427/tx/dalhart/dawgsntexas-aka-dalhart-animal-wellness-group-and-sanctuary-tx644/?referrer_id=54b3e8b4-1f2b-4e09-ab92-c91e8b0bece0,Dog,Dog,Adult,Female,Small,Cher,adoptable,2020-06-25T14:47:23+0000,2020-06-25T14:47:23+0000,70.4342,Shepherd,,FALSE,FALSE,TRUE,Dalhart,TX,79022
220,48317409,TX644,https://www.petfinder.com/dog/shayna-48317409/tx/dalhart/dawgsntexas-aka-dalhart-animal-wellness-group-and-sanctuary-tx644/?referrer_id=54b3e8b4-1f2b-4e09-ab92-c91e8b0bece0,Dog,Dog,Young,Female,Medium,SHAYNA,adoptable,2020-06-25T14:47:23+0000,2020-06-25T14:47:23+0000,70.4342,Labrador Retriever,,TRUE,FALSE,TRUE,Dalhart,TX,79022
221,48317402,TX644,https://www.petfinder.com/dog/tex-48317402/tx/dalhart/dawgsntexas-aka-dalhart-animal-wellness-group-and-sanctuary-tx644/?referrer_id=54b3e8b4-1f2b-4e09-ab92-c91e8b0bece0,Dog,Dog,Adult,Male,Medium,TEX,adoptable,2020-06-25T14:47:23+0000,2020-06-25T14:47:23+0000,70.4342,Labrador Retriever,Pit Bull Terrier,FALSE,FALSE,TRUE,Dalhart,TX,79022
222,48317470,TX644,https://www.petfinder.com/dog/gemma-48317470/tx/dalhart/dawgsntexas-aka-dalhart-animal-wellness-group-and-sanctuary-tx644/?referrer_id=54b3e8b4-1f2b-4e09-ab92-c91e8b0bece0,Dog,Dog,Adult,Female,Small,GEMMA,adoptable,2020-06-25T14:47:23+0000,2020-06-25T14:47:23+0000,70.4342,Boxer,,FALSE,FALSE,TRUE,Dalhart,TX,79022
223,48317417,TX644,https://www.petfinder.com/dog/sarg-48317417/tx/dalhart/dawgsntexas-aka-dalhart-animal-wellness-group-and-sanctuary-tx644/?referrer_id=54b3e8b4-1f2b-4e09-ab92-c91e8b0bece0,Dog,Dog,Young,Male,Small,SARG,adoptable,2020-06-25T14:47:23+0000,2020-06-25T14:47:23+0000,70.4342,Pit Bull Terrier,,FALSE,FALSE,TRUE,Dalhart,TX,79022
224,48317380,TX644,https://www.petfinder.com/dog/lizzie-48317380/tx/dalhart/dawgsntexas-aka-dalhart-animal-wellness-group-and-sanctuary-tx644/?referrer_id=54b3e8b4-1f2b-4e09-ab92-c91e8b0bece0,Dog,Dog,Adult,Female,Small,LIZZIE,adoptable,2020-06-25T14:47:23+0000,2020-06-25T14:47:23+0000,70.4342,Pit Bull Terrier,,FALSE,FALSE,TRUE,Dalhart,TX,79022
225,48317385,TX644,https://www.petfinder.com/dog/spruce-48317385/tx/dalhart/dawgsntexas-aka-dalhart-animal-wellness-group-and-sanctuary-tx644/?referrer_id=54b3e8b4-1f2b-4e09-ab92-c91e8b0bece0,Dog,Dog,Young,Male,Small,Spruce,adoptable,2020-06-25T14:47:23+0000,2020-06-25T14:47:23+0000,70.4342,Labrador Retriever,,FALSE,FALSE,TRUE,Dalhart,TX,79022
226,48317457,TX644,https://www.petfinder.com/dog/daisy-may-48317457/tx/dalhart/dawgsntexas-aka-dalhart-animal-wellness-group-and-sanctuary-tx644/?referrer_id=54b3e8b4-1f2b-4e09-ab92-c91e8b0bece0,Dog,Dog,Senior,Female,Small,Daisy May,adoptable,2020-06-25T14:47:23+0000,2020-06-25T14:47:23+0000,70.4342,Cattle Dog,,FALSE,FALSE,TRUE,Dalhart,TX,79022
227,48317416,TX644,https://www.petfinder.com/dog/blu-48317416/tx/dalhart/dawgsntexas-aka-dalhart-animal-wellness-group-and-sanctuary-tx644/?referrer_id=54b3e8b4-1f2b-4e09-ab92-c91e8b0bece0,Dog,Dog,Young,Male,Medium,BLU,adoptable,2020-06-25T14:47:23+0000,2020-06-25T14:47:23+0000,70.4342,Labrador Retriever,,TRUE,FALSE,TRUE,Dalhart,TX,79022
228,48317368,TX644,https://www.petfinder.com/dog/rolo-48317368/tx/dalhart/dawgsntexas-aka-dalhart-animal-wellness-group-and-sanctuary-tx644/?referrer_id=54b3e8b4-1f2b-4e09-ab92-c91e8b0bece0,Dog,Dog,Adult,Male,Small,Rolo,adoptable,2020-06-25T14:47:23+0000,2020-06-25T14:47:23+0000,70.4342,German Shepherd Dog,,FALSE,FALSE,TRUE,Dalhart,TX,79022
229,48317430,TX644,https://www.petfinder.com/dog/spur-48317430/tx/dalhart/dawgsntexas-aka-dalhart-animal-wellness-group-and-sanctuary-tx644/?referrer_id=54b3e8b4-1f2b-4e09-ab92-c91e8b0bece0,Dog,Dog,Adult,Male,Small,Spur,adoptable,2020-06-25T14:47:23+0000,2020-06-25T14:47:23+0000,70.4342,Husky,,FALSE,FALSE,TRUE,Dalhart,TX,79022
230,48317501,TX644,https://www.petfinder.com/dog/spot-48317501/tx/dalhart/dawgsntexas-aka-dalhart-animal-wellness-group-and-sanctuary-tx644/?referrer_id=54b3e8b4-1f2b-4e09-ab92-c91e8b0bece0,Dog,Dog,Adult,Female,Small,Spot,adoptable,2020-06-25T14:47:23+0000,2020-06-25T14:47:23+0000,70.4342,Catahoula Leopard Dog,,TRUE,FALSE,TRUE,Dalhart,TX,79022
231,48317469,TX644,https://www.petfinder.com/dog/shiloh-48317469/tx/dalhart/dawgsntexas-aka-dalhart-animal-wellness-group-and-sanctuary-tx644/?referrer_id=54b3e8b4-1f2b-4e09-ab92-c91e8b0bece0,Dog,Dog,Adult,Female,Small,SHILOH,adoptable,2020-06-25T14:47:23+0000,2020-06-25T14:47:23+0000,70.4342,Pit Bull Terrier,,FALSE,FALSE,TRUE,Dalhart,TX,79022
232,48317377,TX644,https://www.petfinder.com/dog/eamon-48317377/tx/dalhart/dawgsntexas-aka-dalhart-animal-wellness-group-and-sanctuary-tx644/?referrer_id=54b3e8b4-1f2b-4e09-ab92-c91e8b0bece0,Dog,Dog,Young,Male,Small,Eamon,adoptable,2020-06-25T14:47:23+0000,2020-06-25T14:47:23+0000,70.4342,Shepherd,,FALSE,FALSE,TRUE,Dalhart,TX,79022
233,48317439,TX644,https://www.petfinder.com/dog/cierra-48317439/tx/dalhart/dawgsntexas-aka-dalhart-animal-wellness-group-and-sanctuary-tx644/?referrer_id=54b3e8b4-1f2b-4e09-ab92-c91e8b0bece0,Dog,Dog,Young,Female,Medium,CIERRA,adoptable,2020-06-25T14:47:23+0000,2020-06-25T14:47:23+0000,70.4342,Labrador Retriever,,FALSE,FALSE,TRUE,Dalhart,TX,79022
234,48317472,TX644,https://www.petfinder.com/dog/beacher-48317472/tx/dalhart/dawgsntexas-aka-dalhart-animal-wellness-group-and-sanctuary-tx644/?referrer_id=54b3e8b4-1f2b-4e09-ab92-c91e8b0bece0,Dog,Dog,Adult,Male,Medium,BEACHER,adoptable,2020-06-25T14:47:23+0000,2020-06-25T14:47:23+0000,70.4342,Labrador Retriever,Husky,FALSE,FALSE,TRUE,Dalhart,TX,79022
235,48317482,TX644,https://www.petfinder.com/dog/jerry-48317482/tx/dalhart/dawgsntexas-aka-dalhart-animal-wellness-group-and-sanctuary-tx644/?referrer_id=54b3e8b4-1f2b-4e09-ab92-c91e8b0bece0,Dog,Dog,Young,Male,Medium,JERRY,adoptable,2020-06-25T14:47:23+0000,2020-06-25T14:47:23+0000,70.4342,Labrador Retriever,,TRUE,FALSE,TRUE,Dalhart,TX,79022
236,48317407,TX644,https://www.petfinder.com/dog/quartz-48317407/tx/dalhart/dawgsntexas-aka-dalhart-animal-wellness-group-and-sanctuary-tx644/?referrer_id=54b3e8b4-1f2b-4e09-ab92-c91e8b0bece0,Dog,Dog,Adult,Female,Medium,QUARTZ,adoptable,2020-06-25T14:47:23+0000,2020-06-25T14:47:23+0000,70.4342,Border Collie,Pit Bull Terrier,FALSE,FALSE,TRUE,Dalhart,TX,79022
237,48317437,TX644,https://www.petfinder.com/dog/linus-48317437/tx/dalhart/dawgsntexas-aka-dalhart-animal-wellness-group-and-sanctuary-tx644/?referrer_id=54b3e8b4-1f2b-4e09-ab92-c91e8b0bece0,Dog,Dog,Adult,Male,Small,Linus,adoptable,2020-06-25T14:47:23+0000,2020-06-25T14:47:23+0000,70.4342,Labrador Retriever,,FALSE,FALSE,TRUE,Dalhart,TX,79022
238,48317405,TX644,https://www.petfinder.com/dog/shadow-48317405/tx/dalhart/dawgsntexas-aka-dalhart-animal-wellness-group-and-sanctuary-tx644/?referrer_id=54b3e8b4-1f2b-4e09-ab92-c91e8b0bece0,Dog,Dog,Young,Male,Medium,SHADOW,adoptable,2020-06-25T14:47:23+0000,2020-06-25T14:47:23+0000,70.4342,Labrador Retriever,,FALSE,FALSE,TRUE,Dalhart,TX,79022
239,48317449,TX644,https://www.petfinder.com/dog/caitlin-48317449/tx/dalhart/dawgsntexas-aka-dalhart-animal-wellness-group-and-sanctuary-tx644/?referrer_id=54b3e8b4-1f2b-4e09-ab92-c91e8b0bece0,Dog,Dog,Young,Female,Small,Caitlin,adoptable,2020-06-25T14:47:23+0000,2020-06-25T14:47:23+0000,70.4342,Labrador Retriever,,FALSE,FALSE,TRUE,Dalhart,TX,79022
240,48317432,TX644,https://www.petfinder.com/dog/tom-48317432/tx/dalhart/dawgsntexas-aka-dalhart-animal-wellness-group-and-sanctuary-tx644/?referrer_id=54b3e8b4-1f2b-4e09-ab92-c91e8b0bece0,Dog,Dog,Young,Male,Large,TOM,adoptable,2020-06-25T14:47:23+0000,2020-06-25T14:47:23+0000,70.4342,Labrador Retriever,,TRUE,FALSE,TRUE,Dalhart,TX,79022
241,48317449,TX644,https://www.petfinder.com/dog/caitlin-48317449/tx/dalhart/dawgsntexas-aka-dalhart-animal-wellness-group-and-sanctuary-tx644/?referrer_id=54b3e8b4-1f2b-4e09-ab92-c91e8b0bece0,Dog,Dog,Young,Female,Small,Caitlin,adoptable,2020-06-25T14:47:23+0000,2020-06-25T14:47:23+0000,70.4342,Labrador Retriever,,FALSE,FALSE,TRUE,Dalhart,TX,79022
242,48317461,TX644,https://www.petfinder.com/dog/hobbs-48317461/tx/dalhart/dawgsntexas-aka-dalhart-animal-wellness-group-and-sanctuary-tx644/?referrer_id=54b3e8b4-1f2b-4e09-ab92-c91e8b0bece0,Dog,Dog,Adult,Male,Medium,HOBBS,adoptable,2020-06-25T14:47:23+0000,2020-06-25T14:47:23+0000,70.4342,Catahoula Leopard Dog,,FALSE,FALSE,TRUE,Dalhart,TX,79022
243,48317431,TX644,https://www.petfinder.com/dog/carly-48317431/tx/dalhart/dawgsntexas-aka-dalhart-animal-wellness-group-and-sanctuary-tx644/?referrer_id=54b3e8b4-1f2b-4e09-ab92-c91e8b0bece0,Dog,Dog,Young,Female,Small,Carly,adoptable,2020-06-25T14:47:23+0000,2020-06-25T14:47:23+0000,70.4342,Labrador Retriever,,FALSE,FALSE,TRUE,Dalhart,TX,79022
244,48317446,TX644,https://www.petfinder.com/dog/skeeter-48317446/tx/dalhart/dawgsntexas-aka-dalhart-animal-wellness-group-and-sanctuary-tx644/?referrer_id=54b3e8b4-1f2b-4e09-ab92-c91e8b0bece0,Dog,Dog,Young,Male,Small,Skeeter,adoptable,2020-06-25T14:47:23+0000,2020-06-25T14:47:23+0000,70.4342,Labrador Retriever,,FALSE,FALSE,TRUE,Dalhart,TX,79022
245,48317466,TX644,https://www.petfinder.com/dog/elroy-48317466/tx/dalhart/dawgsntexas-aka-dalhart-animal-wellness-group-and-sanctuary-tx644/?referrer_id=54b3e8b4-1f2b-4e09-ab92-c91e8b0bece0,Dog,Dog,Young,Male,Small,Elroy,adoptable,2020-06-25T14:47:23+0000,2020-06-25T14:47:23+0000,70.4342,Shepherd,,FALSE,FALSE,TRUE,Dalhart,TX,79022
0,49789746,TX1604,https://www.petfinder.com/dog/d20-11016-49789746/tx/levelland/levelland-texas-animal-shelter-tx1604/?referrer_id=54b3e8b4-1f2b-4e09-ab92-c91e8b0bece0,Dog,Dog,Baby,Female,Medium,D20-11016,adoptable,2020-11-14T16:46:21+0000,2020-11-14T16:46:21+0000,117.4984,Labrador Retriever,Border Collie,FALSE,FALSE,FALSE,Levelland,TX,79336
1,49789726,TX1604,https://www.petfinder.com/dog/d20-11015-49789726/tx/levelland/levelland-texas-animal-shelter-tx1604/?referrer_id=54b3e8b4-1f2b-4e09-ab92-c91e8b0bece0,Dog,Dog,Baby,Male,Medium,D20-11015,adoptable,2020-11-14T16:40:46+0000,2020-11-14T16:40:46+0000,117.4984,Labrador Retriever,Border Collie,FALSE,FALSE,FALSE,Levelland,TX,79336
2,49789678,TX1604,https://www.petfinder.com/dog/d20-11014-49789678/tx/levelland/levelland-texas-animal-shelter-tx1604/?referrer_id=54b3e8b4-1f2b-4e09-ab92-c91e8b0bece0,Dog,Dog,Baby,Male,Medium,D20-11014,adoptable,2020-11-14T16:34:54+0000,2020-11-14T16:34:54+0000,117.4984,Labrador Retriever,Border Collie,FALSE,FALSE,FALSE,Levelland,TX,79336
3,49789605,TX1604,https://www.petfinder.com/dog/d20-11013-49789605/tx/levelland/levelland-texas-animal-shelter-tx1604/?referrer_id=54b3e8b4-1f2b-4e09-ab92-c91e8b0bece0,Dog,Dog,Baby,Male,Medium,D20-11013,adoptable,2020-11-14T16:30:54+0000,2020-11-14T16:30:54+0000,117.4984,Labrador Retriever,Border Collie,FALSE,FALSE,FALSE,Levelland,TX,79336
4,49789533,TX1604,https://www.petfinder.com/dog/d20-11012-49789533/tx/levelland/levelland-texas-animal-shelter-tx1604/?referrer_id=54b3e8b4-1f2b-4e09-ab92-c91e8b0bece0,Dog,Dog,Baby,Female,Medium,D20-11012,adoptable,2020-11-14T16:24:28+0000,2020-11-14T16:24:28+0000,117.4984,Labrador Retriever,Border Collie,FALSE,FALSE,FALSE,Levelland,TX,79336
5,49789437,TX1604,https://www.petfinder.com/dog/d20-11011-49789437/tx/levelland/levelland-texas-animal-shelter-tx1604/?referrer_id=54b3e8b4-1f2b-4e09-ab92-c91e8b0bece0,Dog,Dog,Baby,Female,Medium,D20-11011,adoptable,2020-11-14T16:14:00+0000,2020-11-14T16:14:00+0000,117.4984,Labrador Retriever,Border Collie,FALSE,FALSE,FALSE,Levelland,TX,79336
6,49789419,TX1604,https://www.petfinder.com/dog/d20-11010-49789419/tx/levelland/levelland-texas-animal-shelter-tx1604/?referrer_id=54b3e8b4-1f2b-4e09-ab92-c91e8b0bece0,Dog,Dog,Baby,Male,Medium,D20-11010,adoptable,2020-11-14T16:05:52+0000,2020-11-14T16:05:52+0000,117.4984,Labrador Retriever,Border Collie,FALSE,FALSE,FALSE,Levelland,TX,79336
15,49781036,TX1604,https://www.petfinder.com/dog/maxwell-49781036/tx/levelland/levelland-texas-animal-shelter-tx1604/?referrer_id=54b3e8b4-1f2b-4e09-ab92-c91e8b0bece0,Dog,Dog,Adult,Male,Medium,Maxwell,adoptable,2020-11-13T18:14:14+0000,2020-11-13T18:14:14+0000,117.4984,Labrador Retriever,Border Collie,FALSE,FALSE,FALSE,Levelland,TX,79336
16,49780641,TX1604,https://www.petfinder.com/dog/mouse-49780641/tx/levelland/levelland-texas-animal-shelter-tx1604/?referrer_id=54b3e8b4-1f2b-4e09-ab92-c91e8b0bece0,Dog,Dog,Young,Male,Large,Mouse,adoptable,2020-11-13T17:58:18+0000,2020-11-13T17:58:18+0000,117.4984,Great Pyrenees,Dalmatian,FALSE,FALSE,FALSE,Levelland,TX,79336
17,49780608,TX1604,https://www.petfinder.com/dog/ingrid-49780608/tx/levelland/levelland-texas-animal-shelter-tx1604/?referrer_id=54b3e8b4-1f2b-4e09-ab92-c91e8b0bece0,Dog,Dog,Young,Female,Medium,Ingrid,adoptable,2020-11-13T17:38:20+0000,2020-11-13T17:38:20+0000,117.4984,Pit Bull Terrier,Weimaraner,FALSE,FALSE,FALSE,Levelland,TX,79336
18,49780301,TX1604,https://www.petfinder.com/dog/toosahn-49780301/tx/levelland/levelland-texas-animal-shelter-tx1604/?referrer_id=54b3e8b4-1f2b-4e09-ab92-c91e8b0bece0,Dog,Dog,Baby,Male,Small,Toosahn,adoptable,2020-11-13T17:19:25+0000,2020-11-13T17:19:25+0000,117.4984,Chihuahua,Dachshund,FALSE,FALSE,FALSE,Levelland,TX,79336
19,49780029,TX1604,https://www.petfinder.com/dog/nigel-49780029/tx/levelland/levelland-texas-animal-shelter-tx1604/?referrer_id=54b3e8b4-1f2b-4e09-ab92-c91e8b0bece0,Dog,Dog,Young,Male,Medium,Nigel,adoptable,2020-11-13T16:58:51+0000,2020-11-13T16:58:51+0000,117.4984,Boxer,,FALSE,FALSE,FALSE,Levelland,TX,79336
20,49779929,TX1604,https://www.petfinder.com/dog/astro-49779929/tx/levelland/levelland-texas-animal-shelter-tx1604/?referrer_id=54b3e8b4-1f2b-4e09-ab92-c91e8b0bece0,Dog,Dog,Young,Male,Medium,Astro,adoptable,2020-11-13T16:44:32+0000,2020-11-13T16:44:32+0000,117.4984,Husky,,FALSE,FALSE,FALSE,Levelland,TX,79336
21,49779652,TX1604,https://www.petfinder.com/dog/scott-49779652/tx/levelland/levelland-texas-animal-shelter-tx1604/?referrer_id=54b3e8b4-1f2b-4e09-ab92-c91e8b0bece0,Dog,Dog,Young,Male,Medium,Scott,adoptable,2020-11-13T16:26:31+0000,2020-11-13T16:26:31+0000,117.4984,Labrador Retriever,Border Collie,FALSE,FALSE,FALSE,Levelland,TX,79336
62,49745397,TX1976,https://www.petfinder.com/dog/gatlin-49745397/tx/levelland/lazarus-rescue-foundation-tx1976/?referrer_id=54b3e8b4-1f2b-4e09-ab92-c91e8b0bece0,Dog,Dog,Adult,Male,Extra Large,Gatlin,adoptable,2020-11-10T03:00:22+0000,2020-11-10T03:00:22+0000,117.4984,Bloodhound,,TRUE,TRUE,TRUE,Levelland,TX,79336
63,49745258,TX1976,https://www.petfinder.com/dog/maya-49745258/tx/levelland/lazarus-rescue-foundation-tx1976/?referrer_id=54b3e8b4-1f2b-4e09-ab92-c91e8b0bece0,Dog,Dog,Senior,Female,Large,Maya,adoptable,2020-11-10T02:15:32+0000,2020-11-10T02:15:32+0000,117.4984,Bloodhound,,TRUE,FALSE,TRUE,Levelland,TX,79336
79,49659703,TX1604,https://www.petfinder.com/dog/arnold-palmer-49659703/tx/levelland/levelland-texas-animal-shelter-tx1604/?referrer_id=54b3e8b4-1f2b-4e09-ab92-c91e8b0bece0,Dog,Dog,Young,Male,Medium,Arnold Palmer,adoptable,2020-10-31T21:15:40+0000,2020-10-31T21:15:40+0000,117.4984,Yellow Labrador Retriever,Pit Bull Terrier,FALSE,FALSE,FALSE,Levelland,TX,79336
80,49659483,TX1604,https://www.petfinder.com/dog/mortie-49659483/tx/levelland/levelland-texas-animal-shelter-tx1604/?referrer_id=54b3e8b4-1f2b-4e09-ab92-c91e8b0bece0,Dog,Dog,Young,Male,Medium,Mortie,adoptable,2020-10-31T20:57:55+0000,2020-10-31T20:57:55+0000,117.4984,Australian Cattle Dog / Blue Heeler,Husky,FALSE,FALSE,FALSE,Levelland,TX,79336
86,49611759,TX1604,https://www.petfinder.com/dog/misti-49611759/tx/levelland/levelland-texas-animal-shelter-tx1604/?referrer_id=54b3e8b4-1f2b-4e09-ab92-c91e8b0bece0,Dog,Dog,Young,Female,Medium,Misti,adoptable,2020-10-27T11:42:30+0000,2020-10-27T11:42:30+0000,117.4984,Yellow Labrador Retriever,,FALSE,FALSE,FALSE,Levelland,TX,79336
87,49611746,TX1604,https://www.petfinder.com/dog/chase-49611746/tx/levelland/levelland-texas-animal-shelter-tx1604/?referrer_id=54b3e8b4-1f2b-4e09-ab92-c91e8b0bece0,Dog,Dog,Young,Male,Medium,Chase,adoptable,2020-10-27T11:29:53+0000,2020-10-27T11:29:53+0000,117.4984,Terrier,,FALSE,FALSE,FALSE,Levelland,TX,79336
93,49559845,TX1604,https://www.petfinder.com/dog/kamryn-49559845/tx/levelland/levelland-texas-animal-shelter-tx1604/?referrer_id=54b3e8b4-1f2b-4e09-ab92-c91e8b0bece0,Dog,Dog,Young,Female,Large,Kamryn,adoptable,2020-10-22T17:53:44+0000,2020-10-22T17:53:44+0000,117.4984,Rottweiler,Shar-Pei,FALSE,FALSE,FALSE,Levelland,TX,79336
94,49559680,TX1604,https://www.petfinder.com/dog/julianna-49559680/tx/levelland/levelland-texas-animal-shelter-tx1604/?referrer_id=54b3e8b4-1f2b-4e09-ab92-c91e8b0bece0,Dog,Dog,Adult,Female,Medium,Julianna,adoptable,2020-10-22T17:35:37+0000,2020-10-22T17:35:37+0000,117.4984,Pit Bull Terrier,,FALSE,FALSE,FALSE,Levelland,TX,79336
101,49486657,TX1604,https://www.petfinder.com/dog/ozzie-49486657/tx/levelland/levelland-texas-animal-shelter-tx1604/?referrer_id=54b3e8b4-1f2b-4e09-ab92-c91e8b0bece0,Dog,Dog,Baby,Male,Large,Ozzie,adoptable,2020-10-16T19:28:06+0000,2020-10-16T19:28:06+0000,117.4984,Yellow Labrador Retriever,,FALSE,FALSE,FALSE,Levelland,TX,79336
104,49445299,TX1976,https://www.petfinder.com/dog/max-49445299/tx/levelland/lazarus-rescue-foundation-tx1976/?referrer_id=54b3e8b4-1f2b-4e09-ab92-c91e8b0bece0,Dog,Dog,Adult,Male,Small,Max,adoptable,2020-10-13T18:45:20+0000,2020-10-13T18:45:20+0000,117.4984,Chiweenie,,TRUE,FALSE,TRUE,Levelland,TX,79336
144,48990421,TX1604,https://www.petfinder.com/dog/bella-48990421/tx/levelland/levelland-texas-animal-shelter-tx1604/?referrer_id=54b3e8b4-1f2b-4e09-ab92-c91e8b0bece0,Dog,Dog,Adult,Female,Large,Bella,adoptable,2020-09-11T19:55:30+0000,2020-09-05T15:55:59+0000,117.4984,Mastiff,,FALSE,FALSE,FALSE,Levelland,TX,79336
148,48929766,TX1604,https://www.petfinder.com/dog/lucas-48929766/tx/levelland/levelland-texas-animal-shelter-tx1604/?referrer_id=54b3e8b4-1f2b-4e09-ab92-c91e8b0bece0,Dog,Dog,Young,Male,Medium,Lucas,adoptable,2020-08-31T16:31:25+0000,2020-08-31T16:31:25+0000,117.4984,Australian Kelpie,,FALSE,FALSE,FALSE,Levelland,TX,79336
155,48779506,TX1604,https://www.petfinder.com/dog/daphne-48779506/tx/levelland/levelland-texas-animal-shelter-tx1604/?referrer_id=54b3e8b4-1f2b-4e09-ab92-c91e8b0bece0,Dog,Dog,Adult,Female,Medium,Daphne,adoptable,2020-08-14T19:12:10+0000,2020-08-14T19:12:10+0000,117.4984,Pit Bull Terrier,,FALSE,FALSE,FALSE,Levelland,TX,79336
156,48778769,TX1604,https://www.petfinder.com/dog/buster-48778769/tx/levelland/levelland-texas-animal-shelter-tx1604/?referrer_id=54b3e8b4-1f2b-4e09-ab92-c91e8b0bece0,Dog,Dog,Adult,Male,Medium,Buster,adoptable,2020-08-14T18:40:30+0000,2020-08-14T18:40:30+0000,117.4984,Pit Bull Terrier,,FALSE,FALSE,FALSE,Levelland,TX,79336
168,48533482,TX1604,https://www.petfinder.com/dog/rosie-48533482/tx/levelland/levelland-texas-animal-shelter-tx1604/?referrer_id=54b3e8b4-1f2b-4e09-ab92-c91e8b0bece0,Dog,Dog,Young,Female,Large,Rosie,adoptable,2020-07-19T08:16:52+0000,2020-07-19T08:16:52+0000,117.4984,Shepherd,Doberman Pinscher,FALSE,FALSE,FALSE,Levelland,TX,79336
266,47412023,TX1604,https://www.petfinder.com/dog/brayden-47412023/tx/levelland/levelland-texas-animal-shelter-tx1604/?referrer_id=54b3e8b4-1f2b-4e09-ab92-c91e8b0bece0,Dog,Dog,Adult,Male,Small,Brayden,adoptable,2020-02-18T21:55:05+0000,2020-02-18T21:55:05+0000,117.4984,Chihuahua,,FALSE,FALSE,FALSE,Levelland,TX,79336
126,49208992,KS308,https://www.petfinder.com/dog/titus-49208992/ks/liberal/u-had-me-at-woof-shelter-rescue-ks308/?referrer_id=54b3e8b4-1f2b-4e09-ab92-c91e8b0bece0,Dog,Dog,Adult,Male,Large,Titus,adoptable,2020-09-24T18:18:17+0000,2020-09-24T18:18:17+0000,135.6994,Great Pyrenees,,TRUE,FALSE,TRUE,Liberal ,KS,67905
127,49208131,KS308,https://www.petfinder.com/dog/wilson-49208131/ks/liberal/u-had-me-at-woof-shelter-rescue-ks308/?referrer_id=54b3e8b4-1f2b-4e09-ab92-c91e8b0bece0,Dog,Dog,Adult,Male,Small,Wilson,adoptable,2020-09-24T17:24:42+0000,2020-09-24T17:24:42+0000,135.6994,Terrier,,TRUE,FALSE,TRUE,Liberal ,KS,67905
7,49787839,TX2287,https://www.petfinder.com/dog/angel-49787839/tx/lubbock/lubbock-animal-services-tx2287/?referrer_id=54b3e8b4-1f2b-4e09-ab92-c91e8b0bece0,Dog,Dog,Young,Female,Large,Angel,adoptable,2020-11-14T10:00:48+0000,2020-11-14T10:00:48+0000,115.2064,German Shepherd Dog,,TRUE,FALSE,TRUE,Lubbock,TX,79404
8,49787830,TX2287,https://www.petfinder.com/dog/jenny-49787830/tx/lubbock/lubbock-animal-services-tx2287/?referrer_id=54b3e8b4-1f2b-4e09-ab92-c91e8b0bece0,Dog,Dog,Young,Female,Medium,Jenny,adoptable,2020-11-14T10:00:48+0000,2020-11-14T10:00:48+0000,115.2064,German Shepherd Dog,,TRUE,FALSE,TRUE,Lubbock,TX,79404
9,49787837,TX2287,https://www.petfinder.com/dog/wrangler-49787837/tx/lubbock/lubbock-animal-services-tx2287/?referrer_id=54b3e8b4-1f2b-4e09-ab92-c91e8b0bece0,Dog,Dog,Young,Male,Large,Wrangler,adoptable,2020-11-14T10:00:48+0000,2020-11-14T10:00:48+0000,115.2064,Labrador Retriever,,FALSE,FALSE,TRUE,Lubbock,TX,79404
10,49787840,TX2287,https://www.petfinder.com/dog/mel-49787840/tx/lubbock/lubbock-animal-services-tx2287/?referrer_id=54b3e8b4-1f2b-4e09-ab92-c91e8b0bece0,Dog,Dog,Young,Female,Large,Mel,adoptable,2020-11-14T10:00:48+0000,2020-11-14T10:00:48+0000,115.2064,Pit Bull Terrier,,TRUE,FALSE,TRUE,Lubbock,TX,79404
11,49787831,TX2287,https://www.petfinder.com/dog/elsa-49787831/tx/lubbock/lubbock-animal-services-tx2287/?referrer_id=54b3e8b4-1f2b-4e09-ab92-c91e8b0bece0,Dog,Dog,Adult,Female,Small,Elsa,adoptable,2020-11-14T10:00:48+0000,2020-11-14T10:00:48+0000,115.2064,Chihuahua,,TRUE,FALSE,TRUE,Lubbock,TX,79404
12,49787829,TX2287,https://www.petfinder.com/dog/roxi-49787829/tx/lubbock/lubbock-animal-services-tx2287/?referrer_id=54b3e8b4-1f2b-4e09-ab92-c91e8b0bece0,Dog,Dog,Adult,Female,Large,Roxi,adoptable,2020-11-14T10:00:48+0000,2020-11-14T10:00:48+0000,115.2064,Pit Bull Terrier,,FALSE,FALSE,TRUE,Lubbock,TX,79404
13,49787833,TX2287,https://www.petfinder.com/dog/flynnder-49787833/tx/lubbock/lubbock-animal-services-tx2287/?referrer_id=54b3e8b4-1f2b-4e09-ab92-c91e8b0bece0,Dog,Dog,Senior,Male,Small,Flynnder,adoptable,2020-11-14T10:00:48+0000,2020-11-14T10:00:48+0000,115.2064,Chihuahua,,FALSE,FALSE,TRUE,Lubbock,TX,79404
14,49787834,TX2287,https://www.petfinder.com/dog/smith-49787834/tx/lubbock/lubbock-animal-services-tx2287/?referrer_id=54b3e8b4-1f2b-4e09-ab92-c91e8b0bece0,Dog,Dog,Young,Male,Large,Smith,adoptable,2020-11-14T10:00:48+0000,2020-11-14T10:00:48+0000,115.2064,Labrador Retriever,,FALSE,FALSE,TRUE,Lubbock,TX,79404
22,49777775,TX2287,https://www.petfinder.com/dog/velvet-49777775/tx/lubbock/lubbock-animal-services-tx2287/?referrer_id=54b3e8b4-1f2b-4e09-ab92-c91e8b0bece0,Dog,Dog,Adult,Female,Large,Velvet,adoptable,2020-11-13T10:01:40+0000,2020-11-13T10:01:40+0000,115.2064,Labrador Retriever,,TRUE,FALSE,TRUE,Lubbock,TX,79404
23,49777777,TX2287,https://www.petfinder.com/dog/boogie-49777777/tx/lubbock/lubbock-animal-services-tx2287/?referrer_id=54b3e8b4-1f2b-4e09-ab92-c91e8b0bece0,Dog,Dog,Young,Male,Medium,Boogie,adoptable,2020-11-13T10:01:40+0000,2020-11-13T10:01:40+0000,115.2064,Shepherd,Mixed Breed,TRUE,FALSE,TRUE,Lubbock,TX,79404
24,49777782,TX2287,https://www.petfinder.com/dog/bean-49777782/tx/lubbock/lubbock-animal-services-tx2287/?referrer_id=54b3e8b4-1f2b-4e09-ab92-c91e8b0bece0,Dog,Dog,Young,Female,Medium,Bean,adoptable,2020-11-13T10:01:40+0000,2020-11-13T10:01:40+0000,115.2064,Labrador Retriever,Shepherd,FALSE,FALSE,TRUE,Lubbock,TX,79404
25,49777768,TX2287,https://www.petfinder.com/dog/hunter-49777768/tx/lubbock/lubbock-animal-services-tx2287/?referrer_id=54b3e8b4-1f2b-4e09-ab92-c91e8b0bece0,Dog,Dog,Young,Male,Large,Hunter,adoptable,2020-11-13T10:01:40+0000,2020-11-13T10:01:40+0000,115.2064,Pit Bull Terrier,,TRUE,FALSE,TRUE,Lubbock,TX,79404
26,49777773,TX2287,https://www.petfinder.com/dog/mia-49777773/tx/lubbock/lubbock-animal-services-tx2287/?referrer_id=54b3e8b4-1f2b-4e09-ab92-c91e8b0bece0,Dog,Dog,Young,Female,Large,Mia,adoptable,2020-11-13T10:01:40+0000,2020-11-13T10:01:40+0000,115.2064,Hound,,TRUE,FALSE,TRUE,Lubbock,TX,79404
27,49777776,TX2287,https://www.petfinder.com/dog/roscoe-49777776/tx/lubbock/lubbock-animal-services-tx2287/?referrer_id=54b3e8b4-1f2b-4e09-ab92-c91e8b0bece0,Dog,Dog,Adult,Male,Small,Roscoe,adoptable,2020-11-13T10:01:40+0000,2020-11-13T10:01:40+0000,115.2064,Chihuahua,,TRUE,FALSE,TRUE,Lubbock,TX,79404
28,49777781,TX2287,https://www.petfinder.com/dog/vanessa-49777781/tx/lubbock/lubbock-animal-services-tx2287/?referrer_id=54b3e8b4-1f2b-4e09-ab92-c91e8b0bece0,Dog,Dog,Young,Female,Large,Vanessa,adoptable,2020-11-13T10:01:40+0000,2020-11-13T10:01:40+0000,115.2064,Pit Bull Terrier,,TRUE,FALSE,TRUE,Lubbock,TX,79404
29,49777780,TX2287,https://www.petfinder.com/dog/charlie-49777780/tx/lubbock/lubbock-animal-services-tx2287/?referrer_id=54b3e8b4-1f2b-4e09-ab92-c91e8b0bece0,Dog,Dog,Young,Male,Large,Charlie,adoptable,2020-11-13T10:01:40+0000,2020-11-13T10:01:40+0000,115.2064,Pit Bull Terrier,,FALSE,FALSE,TRUE,Lubbock,TX,79404
30,49777778,TX2287,https://www.petfinder.com/dog/clyde-49777778/tx/lubbock/lubbock-animal-services-tx2287/?referrer_id=54b3e8b4-1f2b-4e09-ab92-c91e8b0bece0,Dog,Dog,Young,Male,Large,Clyde,adoptable,2020-11-13T10:01:40+0000,2020-11-13T10:01:40+0000,115.2064,Pit Bull Terrier,Mixed Breed,TRUE,FALSE,TRUE,Lubbock,TX,79404
31,49777772,TX2287,https://www.petfinder.com/dog/charles-49777772/tx/lubbock/lubbock-animal-services-tx2287/?referrer_id=54b3e8b4-1f2b-4e09-ab92-c91e8b0bece0,Dog,Dog,Young,Male,Large,Charles,adoptable,2020-11-13T10:01:40+0000,2020-11-13T10:01:40+0000,115.2064,Shepherd,,FALSE,FALSE,TRUE,Lubbock,TX,79404
33,49773220,TX1696,https://www.petfinder.com/dog/daisey-mae-49773220/tx/lubbock/south-plains-spca-tx1696/?referrer_id=54b3e8b4-1f2b-4e09-ab92-c91e8b0bece0,Dog,Dog,Adult,Female,Small,Daisey Mae,adoptable,2020-11-12T20:53:47+0000,2020-11-12T20:53:47+0000,114.5243,Chihuahua,,TRUE,FALSE,TRUE,Lubbock,TX,79407
34,49768075,TX2287,https://www.petfinder.com/dog/meg-49768075/tx/lubbock/lubbock-animal-services-tx2287/?referrer_id=54b3e8b4-1f2b-4e09-ab92-c91e8b0bece0,Dog,Dog,Young,Female,Medium,Meg,adoptable,2020-11-12T10:02:19+0000,2020-11-12T10:02:19+0000,115.2064,Shepherd,Husky,FALSE,FALSE,TRUE,Lubbock,TX,79404
35,49768092,TX2287,https://www.petfinder.com/dog/plum-49768092/tx/lubbock/lubbock-animal-services-tx2287/?referrer_id=54b3e8b4-1f2b-4e09-ab92-c91e8b0bece0,Dog,Dog,Young,Female,Medium,Plum,adoptable,2020-11-12T10:02:19+0000,2020-11-12T10:02:19+0000,115.2064,Australian Cattle Dog / Blue Heeler,Mixed Breed,TRUE,FALSE,TRUE,Lubbock,TX,79404
36,49768090,TX2287,https://www.petfinder.com/dog/butch-49768090/tx/lubbock/lubbock-animal-services-tx2287/?referrer_id=54b3e8b4-1f2b-4e09-ab92-c91e8b0bece0,Dog,Dog,Young,Male,Large,Butch,adoptable,2020-11-12T10:02:19+0000,2020-11-12T10:02:19+0000,115.2064,Pit Bull Terrier,,FALSE,FALSE,TRUE,Lubbock,TX,79404
37,49768091,TX2287,https://www.petfinder.com/dog/buster-49768091/tx/lubbock/lubbock-animal-services-tx2287/?referrer_id=54b3e8b4-1f2b-4e09-ab92-c91e8b0bece0,Dog,Dog,Adult,Male,Medium,Buster,adoptable,2020-11-12T10:02:19+0000,2020-11-12T10:02:19+0000,115.2064,Boxer,Mixed Breed,TRUE,FALSE,TRUE,Lubbock,TX,79404
38,49768087,TX2287,https://www.petfinder.com/dog/moesha-49768087/tx/lubbock/lubbock-animal-services-tx2287/?referrer_id=54b3e8b4-1f2b-4e09-ab92-c91e8b0bece0,Dog,Dog,Young,Female,Large,Moesha,adoptable,2020-11-12T10:02:19+0000,2020-11-12T10:02:19+0000,115.2064,Pit Bull Terrier,Shepherd,FALSE,FALSE,TRUE,Lubbock,TX,79404
39,49768089,TX2287,https://www.petfinder.com/dog/herbie-49768089/tx/lubbock/lubbock-animal-services-tx2287/?referrer_id=54b3e8b4-1f2b-4e09-ab92-c91e8b0bece0,Dog,Dog,Young,Male,Large,Herbie,adoptable,2020-11-12T10:02:19+0000,2020-11-12T10:02:19+0000,115.2064,Labrador Retriever,Mixed Breed,FALSE,FALSE,TRUE,Lubbock,TX,79404
40,49768091,TX2287,https://www.petfinder.com/dog/buster-49768091/tx/lubbock/lubbock-animal-services-tx2287/?referrer_id=54b3e8b4-1f2b-4e09-ab92-c91e8b0bece0,Dog,Dog,Adult,Male,Medium,Buster,adoptable,2020-11-12T10:02:19+0000,2020-11-12T10:02:19+0000,115.2064,Boxer,Mixed Breed,TRUE,FALSE,TRUE,Lubbock,TX,79404
41,49768081,TX2287,https://www.petfinder.com/dog/bobby-floppy-ears-49768081/tx/lubbock/lubbock-animal-services-tx2287/?referrer_id=54b3e8b4-1f2b-4e09-ab92-c91e8b0bece0,Dog,Dog,Young,Male,Medium,Bobby Floppy Ears,adoptable,2020-11-12T10:02:19+0000,2020-11-12T10:02:19+0000,115.2064,Shepherd,Husky,TRUE,FALSE,TRUE,Lubbock,TX,79404
42,49768079,TX2287,https://www.petfinder.com/dog/emily-49768079/tx/lubbock/lubbock-animal-services-tx2287/?referrer_id=54b3e8b4-1f2b-4e09-ab92-c91e8b0bece0,Dog,Dog,Young,Female,Large,Emily,adoptable,2020-11-12T10:02:19+0000,2020-11-12T10:02:19+0000,115.2064,Labrador Retriever,,TRUE,FALSE,TRUE,Lubbock,TX,79404
43,49768092,TX2287,https://www.petfinder.com/dog/plum-49768092/tx/lubbock/lubbock-animal-services-tx2287/?referrer_id=54b3e8b4-1f2b-4e09-ab92-c91e8b0bece0,Dog,Dog,Young,Female,Medium,Plum,adoptable,2020-11-12T10:02:19+0000,2020-11-12T10:02:19+0000,115.2064,Australian Cattle Dog / Blue Heeler,Mixed Breed,TRUE,FALSE,TRUE,Lubbock,TX,79404
44,49768084,TX2287,https://www.petfinder.com/dog/bronx-49768084/tx/lubbock/lubbock-animal-services-tx2287/?referrer_id=54b3e8b4-1f2b-4e09-ab92-c91e8b0bece0,Dog,Dog,Baby,Male,Large,Bronx,adoptable,2020-11-12T10:02:19+0000,2020-11-12T10:02:19+0000,115.2064,Pit Bull Terrier,Labrador Retriever,TRUE,FALSE,TRUE,Lubbock,TX,79404
45,49768086,TX2287,https://www.petfinder.com/dog/risky-49768086/tx/lubbock/lubbock-animal-services-tx2287/?referrer_id=54b3e8b4-1f2b-4e09-ab92-c91e8b0bece0,Dog,Dog,Young,Male,Small,Risky,adoptable,2020-11-12T10:02:19+0000,2020-11-12T10:02:19+0000,115.2064,Chihuahua,,FALSE,FALSE,TRUE,Lubbock,TX,79404
46,49768075,TX2287,https://www.petfinder.com/dog/meg-49768075/tx/lubbock/lubbock-animal-services-tx2287/?referrer_id=54b3e8b4-1f2b-4e09-ab92-c91e8b0bece0,Dog,Dog,Young,Female,Medium,Meg,adoptable,2020-11-12T10:02:19+0000,2020-11-12T10:02:19+0000,115.2064,Shepherd,Husky,FALSE,FALSE,TRUE,Lubbock,TX,79404
47,49768078,TX2287,https://www.petfinder.com/dog/sundance-49768078/tx/lubbock/lubbock-animal-services-tx2287/?referrer_id=54b3e8b4-1f2b-4e09-ab92-c91e8b0bece0,Dog,Dog,Young,Male,Large,Sundance,adoptable,2020-11-12T10:02:19+0000,2020-11-12T10:02:19+0000,115.2064,Pit Bull Terrier,,FALSE,FALSE,TRUE,Lubbock,TX,79404
48,49763854,TX1696,https://www.petfinder.com/dog/dolly-49763854/tx/lubbock/south-plains-spca-tx1696/?referrer_id=54b3e8b4-1f2b-4e09-ab92-c91e8b0bece0,Dog,Dog,Baby,Female,Small,Dolly,adoptable,2020-11-11T21:30:12+0000,2020-11-11T21:30:12+0000,114.5243,Terrier,Chihuahua,FALSE,FALSE,TRUE,Lubbock,TX,79407
52,49758283,TX2287,https://www.petfinder.com/dog/ike-49758283/tx/lubbock/lubbock-animal-services-tx2287/?referrer_id=54b3e8b4-1f2b-4e09-ab92-c91e8b0bece0,Dog,Dog,Young,Male,Medium,Ike,adoptable,2020-11-11T10:01:17+0000,2020-11-11T10:01:17+0000,115.2064,Boxer,Mixed Breed,TRUE,FALSE,TRUE,Lubbock,TX,79404
53,49758282,TX2287,https://www.petfinder.com/dog/maxwell-49758282/tx/lubbock/lubbock-animal-services-tx2287/?referrer_id=54b3e8b4-1f2b-4e09-ab92-c91e8b0bece0,Dog,Dog,Young,Male,Medium,Maxwell,adoptable,2020-11-11T10:01:17+0000,2020-11-11T10:01:17+0000,115.2064,Pit Bull Terrier,Mixed Breed,FALSE,FALSE,TRUE,Lubbock,TX,79404
57,49746870,TX2287,https://www.petfinder.com/dog/stanley-49746870/tx/lubbock/lubbock-animal-services-tx2287/?referrer_id=54b3e8b4-1f2b-4e09-ab92-c91e8b0bece0,Dog,Dog,Adult,Male,Large,Stanley,adoptable,2020-11-10T10:01:50+0000,2020-11-10T10:01:50+0000,115.2064,Pit Bull Terrier,,TRUE,FALSE,TRUE,Lubbock,TX,79404
58,49746865,TX2287,https://www.petfinder.com/dog/doris-49746865/tx/lubbock/lubbock-animal-services-tx2287/?referrer_id=54b3e8b4-1f2b-4e09-ab92-c91e8b0bece0,Dog,Dog,Young,Female,Large,Doris,adoptable,2020-11-10T10:01:49+0000,2020-11-10T10:01:49+0000,115.2064,Pit Bull Terrier,,TRUE,FALSE,TRUE,Lubbock,TX,79404
59,49746869,TX2287,https://www.petfinder.com/dog/sadie-49746869/tx/lubbock/lubbock-animal-services-tx2287/?referrer_id=54b3e8b4-1f2b-4e09-ab92-c91e8b0bece0,Dog,Dog,Adult,Female,Large,Sadie,adoptable,2020-11-10T10:01:49+0000,2020-11-10T10:01:49+0000,115.2064,Pit Bull Terrier,,TRUE,FALSE,TRUE,Lubbock,TX,79404
60,49746869,TX2287,https://www.petfinder.com/dog/sadie-49746869/tx/lubbock/lubbock-animal-services-tx2287/?referrer_id=54b3e8b4-1f2b-4e09-ab92-c91e8b0bece0,Dog,Dog,Adult,Female,Large,Sadie,adoptable,2020-11-10T10:01:49+0000,2020-11-10T10:01:49+0000,115.2064,Pit Bull Terrier,,TRUE,FALSE,TRUE,Lubbock,TX,79404
61,49746866,TX2287,https://www.petfinder.com/dog/bluto-49746866/tx/lubbock/lubbock-animal-services-tx2287/?referrer_id=54b3e8b4-1f2b-4e09-ab92-c91e8b0bece0,Dog,Dog,Adult,Male,Medium,Bluto,adoptable,2020-11-10T10:01:49+0000,2020-11-10T10:01:49+0000,115.2064,Pit Bull Terrier,,TRUE,FALSE,TRUE,Lubbock,TX,79404
70,49721957,TX2287,https://www.petfinder.com/dog/meredith-49721957/tx/lubbock/lubbock-animal-services-tx2287/?referrer_id=54b3e8b4-1f2b-4e09-ab92-c91e8b0bece0,Dog,Dog,Adult,Female,Large,Meredith,adoptable,2020-11-07T10:00:36+0000,2020-11-07T10:00:36+0000,115.2064,Shepherd,,TRUE,FALSE,TRUE,Lubbock,TX,79404
71,49703891,TX1696,https://www.petfinder.com/dog/exo-49703891/tx/lubbock/south-plains-spca-tx1696/?referrer_id=54b3e8b4-1f2b-4e09-ab92-c91e8b0bece0,Dog,Dog,Adult,Male,Small,Exo,adoptable,2020-11-05T17:39:19+0000,2020-11-05T17:39:19+0000,114.5243,Shih Tzu,,TRUE,FALSE,TRUE,Lubbock,TX,79407
72,49701309,TX2287,https://www.petfinder.com/dog/ollie-49701309/tx/lubbock/lubbock-animal-services-tx2287/?referrer_id=54b3e8b4-1f2b-4e09-ab92-c91e8b0bece0,Dog,Dog,Young,Female,Large,Ollie,adoptable,2020-11-05T10:02:29+0000,2020-11-05T10:02:29+0000,115.2064,Labrador Retriever,,TRUE,FALSE,TRUE,Lubbock,TX,79404
73,49690834,TX2287,https://www.petfinder.com/dog/ringo-49690834/tx/lubbock/lubbock-animal-services-tx2287/?referrer_id=54b3e8b4-1f2b-4e09-ab92-c91e8b0bece0,Dog,Dog,Adult,Male,Large,Ringo,adoptable,2020-11-04T10:00:36+0000,2020-11-04T10:00:36+0000,115.2064,Carolina Dog,Whippet,TRUE,FALSE,TRUE,Lubbock,TX,79404
74,49687863,TX1696,https://www.petfinder.com/dog/maximus-49687863/tx/lubbock/south-plains-spca-tx1696/?referrer_id=54b3e8b4-1f2b-4e09-ab92-c91e8b0bece0,Dog,Dog,Baby,Male,Large,Maximus,adoptable,2020-11-03T23:49:38+0000,2020-11-03T23:49:38+0000,114.5243,Boxer,,FALSE,FALSE,FALSE,Lubbock,TX,79407
75,49686920,TX1696,https://www.petfinder.com/dog/stella-49686920/tx/lubbock/south-plains-spca-tx1696/?referrer_id=54b3e8b4-1f2b-4e09-ab92-c91e8b0bece0,Dog,Dog,Baby,Female,Medium,Stella,adoptable,2020-11-03T22:18:30+0000,2020-11-03T22:18:30+0000,114.5243,Australian Shepherd,,TRUE,FALSE,TRUE,Lubbock,TX,79407
76,49679918,TX2287,https://www.petfinder.com/dog/terry-49679918/tx/lubbock/lubbock-animal-services-tx2287/?referrer_id=54b3e8b4-1f2b-4e09-ab92-c91e8b0bece0,Dog,Dog,Adult,Male,Medium,Terry,adoptable,2020-11-03T10:00:59+0000,2020-11-03T10:00:59+0000,115.2064,Pit Bull Terrier,,TRUE,FALSE,TRUE,Lubbock,TX,79404
77,49668896,TX1696,https://www.petfinder.com/dog/bob-marley-49668896/tx/lubbock/south-plains-spca-tx1696/?referrer_id=54b3e8b4-1f2b-4e09-ab92-c91e8b0bece0,Dog,Dog,Adult,Male,Small,Bob Marley,adoptable,2020-11-02T03:43:19+0000,2020-11-02T03:43:19+0000,114.5243,Terrier,,TRUE,FALSE,TRUE,Lubbock,TX,79407
78,49668733,TX1696,https://www.petfinder.com/dog/spencer-49668733/tx/lubbock/south-plains-spca-tx1696/?referrer_id=54b3e8b4-1f2b-4e09-ab92-c91e8b0bece0,Dog,Dog,Young,Male,Extra Large,Spencer,adoptable,2020-11-02T02:59:29+0000,2020-11-02T02:59:29+0000,114.5243,Great Dane,Hound,FALSE,FALSE,TRUE,Lubbock,TX,79407
81,49644615,TX2287,https://www.petfinder.com/dog/bonnie-49644615/tx/lubbock/lubbock-animal-services-tx2287/?referrer_id=54b3e8b4-1f2b-4e09-ab92-c91e8b0bece0,Dog,Dog,Young,Female,Large,Bonnie,adoptable,2020-10-30T10:02:40+0000,2020-10-30T10:02:40+0000,115.2064,Pit Bull Terrier,Mixed Breed,TRUE,FALSE,TRUE,Lubbock,TX,79404
83,49633899,TX2287,https://www.petfinder.com/dog/dale-49633899/tx/lubbock/lubbock-animal-services-tx2287/?referrer_id=54b3e8b4-1f2b-4e09-ab92-c91e8b0bece0,Dog,Dog,Adult,Male,Large,Dale,adoptable,2020-10-29T10:02:26+0000,2020-10-29T10:02:26+0000,115.2064,Pit Bull Terrier,,TRUE,FALSE,TRUE,Lubbock,TX,79404
90,49586311,TX1696,https://www.petfinder.com/dog/callie-49586311/tx/lubbock/south-plains-spca-tx1696/?referrer_id=54b3e8b4-1f2b-4e09-ab92-c91e8b0bece0,Dog,Dog,Adult,Female,Large,Callie,adoptable,2020-10-24T16:51:10+0000,2020-10-24T16:51:10+0000,114.5243,Labrador Retriever,Border Collie,TRUE,FALSE,TRUE,Lubbock,TX,79407
91,49586285,TX1696,https://www.petfinder.com/dog/emily-49586285/tx/lubbock/south-plains-spca-tx1696/?referrer_id=54b3e8b4-1f2b-4e09-ab92-c91e8b0bece0,Dog,Dog,Adult,Female,Large,Emily,adoptable,2020-10-24T16:44:43+0000,2020-10-24T16:44:43+0000,114.5243,Boxer,,TRUE,FALSE,TRUE,Lubbock,TX,79407
92,49583677,TX2287,https://www.petfinder.com/dog/anduin-49583677/tx/lubbock/lubbock-animal-services-tx2287/?referrer_id=54b3e8b4-1f2b-4e09-ab92-c91e8b0bece0,Dog,Dog,Young,Male,Large,Anduin,adoptable,2020-10-24T10:01:26+0000,2020-10-24T10:01:26+0000,115.2064,Pit Bull Terrier,Mastiff,TRUE,FALSE,TRUE,Lubbock,TX,79404
95,49554255,TX2287,https://www.petfinder.com/dog/sissy-49554255/tx/lubbock/lubbock-animal-services-tx2287/?referrer_id=54b3e8b4-1f2b-4e09-ab92-c91e8b0bece0,Dog,Dog,Adult,Female,Medium,Sissy,adoptable,2020-10-22T10:01:54+0000,2020-10-22T10:01:54+0000,115.2064,Border Collie,,TRUE,FALSE,TRUE,Lubbock,TX,79404
96,49541766,TX2287,https://www.petfinder.com/dog/madre-49541766/tx/lubbock/lubbock-animal-services-tx2287/?referrer_id=54b3e8b4-1f2b-4e09-ab92-c91e8b0bece0,Dog,Dog,Adult,Female,Large,Madre,adoptable,2020-10-21T10:00:54+0000,2020-10-21T10:00:54+0000,115.2064,Pit Bull Terrier,,TRUE,FALSE,TRUE,Lubbock,TX,79404
105,49440361,TX2287,https://www.petfinder.com/dog/wedo-49440361/tx/lubbock/lubbock-animal-services-tx2287/?referrer_id=54b3e8b4-1f2b-4e09-ab92-c91e8b0bece0,Dog,Dog,Adult,Male,Large,Wedo,adoptable,2020-10-13T10:02:53+0000,2020-10-13T10:02:53+0000,115.2064,Pit Bull Terrier,Mixed Breed,TRUE,FALSE,TRUE,Lubbock,TX,79404
107,49367545,TX2287,https://www.petfinder.com/dog/mollie-49367545/tx/lubbock/lubbock-animal-services-tx2287/?referrer_id=54b3e8b4-1f2b-4e09-ab92-c91e8b0bece0,Dog,Dog,Young,Female,Large,Mollie,adoptable,2020-10-07T10:01:51+0000,2020-10-07T10:01:51+0000,115.2064,Shepherd,Mixed Breed,TRUE,FALSE,TRUE,Lubbock,TX,79404
116,49244083,TX2454,https://www.petfinder.com/dog/tito-49244083/tx/lubbock/operation-pawprints-tx2454/?referrer_id=54b3e8b4-1f2b-4e09-ab92-c91e8b0bece0,Dog,Dog,Adult,Male,Small,Tito,adoptable,2020-09-27T16:05:07+0000,2020-09-27T16:05:07+0000,112.8065,Chihuahua,,TRUE,FALSE,TRUE,Lubbock,TX,79416
117,49244018,TX2454,https://www.petfinder.com/dog/cooper-49244018/tx/lubbock/operation-pawprints-tx2454/?referrer_id=54b3e8b4-1f2b-4e09-ab92-c91e8b0bece0,Dog,Dog,Adult,Male,Small,Cooper,adoptable,2020-09-27T16:01:02+0000,2020-09-27T16:01:02+0000,112.8065,Chihuahua,,TRUE,FALSE,TRUE,Lubbock,TX,79416
118,49243994,TX2454,https://www.petfinder.com/dog/carson-49243994/tx/lubbock/operation-pawprints-tx2454/?referrer_id=54b3e8b4-1f2b-4e09-ab92-c91e8b0bece0,Dog,Dog,Young,Male,Small,Carson,adoptable,2020-09-27T15:58:54+0000,2020-09-27T15:58:54+0000,112.8065,Chihuahua,,TRUE,FALSE,TRUE,Lubbock,TX,79416
120,49243960,TX2454,https://www.petfinder.com/dog/bash-49243960/tx/lubbock/operation-pawprints-tx2454/?referrer_id=54b3e8b4-1f2b-4e09-ab92-c91e8b0bece0,Dog,Dog,Young,Male,Small,Bash,adoptable,2020-09-27T15:54:14+0000,2020-09-27T15:54:14+0000,112.8065,Chihuahua,,TRUE,FALSE,TRUE,Lubbock,TX,79416
121,49243958,TX2454,https://www.petfinder.com/dog/reno-49243958/tx/lubbock/operation-pawprints-tx2454/?referrer_id=54b3e8b4-1f2b-4e09-ab92-c91e8b0bece0,Dog,Dog,Adult,Male,Large,Reno,adoptable,2020-09-27T15:51:44+0000,2020-09-27T15:51:44+0000,112.8065,Pit Bull Terrier,,TRUE,FALSE,TRUE,Lubbock,TX,79416
122,49243942,TX2454,https://www.petfinder.com/dog/roxie-49243942/tx/lubbock/operation-pawprints-tx2454/?referrer_id=54b3e8b4-1f2b-4e09-ab92-c91e8b0bece0,Dog,Dog,Adult,Female,Large,Roxie,adoptable,2020-09-27T15:49:36+0000,2020-09-27T15:49:36+0000,112.8065,American Staffordshire Terrier,,TRUE,FALSE,TRUE,Lubbock,TX,79416
128,49194717,TX1696,https://www.petfinder.com/dog/molly-49194717/tx/lubbock/south-plains-spca-tx1696/?referrer_id=54b3e8b4-1f2b-4e09-ab92-c91e8b0bece0,Dog,Dog,Senior,Female,Large,Molly,adoptable,2020-09-23T17:01:40+0000,2020-09-23T17:01:40+0000,114.5243,Labrador Retriever,,TRUE,FALSE,TRUE,Lubbock,TX,79407
129,49191124,TX2287,https://www.petfinder.com/dog/piper-49191124/tx/lubbock/lubbock-animal-services-tx2287/?referrer_id=54b3e8b4-1f2b-4e09-ab92-c91e8b0bece0,Dog,Dog,Adult,Female,Large,Piper,adoptable,2020-09-23T10:01:37+0000,2020-09-23T10:01:37+0000,115.2064,Pit Bull Terrier,,TRUE,FALSE,TRUE,Lubbock,TX,79404
135,49135452,TX2287,https://www.petfinder.com/dog/cherry-49135452/tx/lubbock/lubbock-animal-services-tx2287/?referrer_id=54b3e8b4-1f2b-4e09-ab92-c91e8b0bece0,Dog,Dog,Adult,Female,Large,Cherry,adoptable,2020-09-18T10:01:39+0000,2020-09-18T10:01:39+0000,115.2064,Labrador Retriever,Pit Bull Terrier,TRUE,FALSE,TRUE,Lubbock,TX,79404
145,48963314,TX1696,https://www.petfinder.com/dog/barker-48963314/tx/lubbock/south-plains-spca-tx1696/?referrer_id=54b3e8b4-1f2b-4e09-ab92-c91e8b0bece0,Dog,Dog,Adult,Male,Small,Barker,adoptable,2020-09-03T11:32:39+0000,2020-09-03T11:32:39+0000,114.5243,Chihuahua,,TRUE,FALSE,TRUE,Lubbock,TX,79407
146,48931358,TX1300,https://www.petfinder.com/dog/cheeto-48931358/tx/lubbock/morris-safe-house-foundation-tx1300/?referrer_id=54b3e8b4-1f2b-4e09-ab92-c91e8b0bece0,Dog,Dog,Baby,Male,Small,CHEETO,adoptable,2020-08-31T19:07:00+0000,2020-08-31T19:07:00+0000,114.5243,Dachshund,Mixed Breed,FALSE,FALSE,TRUE,Lubbock,TX,79407
147,48931184,TX1300,https://www.petfinder.com/dog/trevor-48931184/tx/lubbock/morris-safe-house-foundation-tx1300/?referrer_id=54b3e8b4-1f2b-4e09-ab92-c91e8b0bece0,Dog,Dog,Adult,Male,Small,Trevor,adoptable,2020-08-31T18:59:46+0000,2020-08-31T18:59:46+0000,114.5243,Mixed Breed,Chihuahua,TRUE,FALSE,TRUE,Lubbock,TX,79407
152,48848313,TX2287,https://www.petfinder.com/dog/sarge-48848313/tx/lubbock/lubbock-animal-services-tx2287/?referrer_id=54b3e8b4-1f2b-4e09-ab92-c91e8b0bece0,Dog,Dog,Adult,Male,Medium,Sarge,adoptable,2020-08-22T10:00:37+0000,2020-08-22T10:00:37+0000,115.2064,Pit Bull Terrier,Mixed Breed,TRUE,FALSE,TRUE,Lubbock,TX,79404
169,48504093,TX1300,https://www.petfinder.com/dog/lark-48504093/tx/lubbock/morris-safe-house-foundation-tx1300/?referrer_id=54b3e8b4-1f2b-4e09-ab92-c91e8b0bece0,Dog,Dog,Baby,Female,Small,LARK,adoptable,2020-07-16T02:44:15+0000,2020-07-16T02:44:15+0000,114.5243,Chihuahua,,FALSE,FALSE,TRUE,Lubbock,TX,79407
170,48504007,TX1300,https://www.petfinder.com/dog/coco-48504007/tx/lubbock/morris-safe-house-foundation-tx1300/?referrer_id=54b3e8b4-1f2b-4e09-ab92-c91e8b0bece0,Dog,Dog,Adult,Male,Small,CoCo,adoptable,2020-07-16T02:41:05+0000,2020-07-16T02:41:05+0000,114.5243,Terrier,Chihuahua,TRUE,FALSE,TRUE,Lubbock,TX,79407
171,48503980,TX1300,https://www.petfinder.com/dog/chaco-48503980/tx/lubbock/morris-safe-house-foundation-tx1300/?referrer_id=54b3e8b4-1f2b-4e09-ab92-c91e8b0bece0,Dog,Dog,Adult,Male,Small,CHACO,adoptable,2020-07-16T02:33:32+0000,2020-07-16T02:33:32+0000,114.5243,Jack Russell Terrier,,TRUE,FALSE,TRUE,Lubbock,TX,79407
172,48503424,TX2454,https://www.petfinder.com/dog/blaze-48503424/tx/lubbock/operation-pawprints-tx2454/?referrer_id=54b3e8b4-1f2b-4e09-ab92-c91e8b0bece0,Dog,Dog,Adult,Male,Medium,Blaze,adoptable,2020-07-16T01:18:12+0000,2020-07-16T01:18:12+0000,112.8065,Black Mouth Cur,American Staffordshire Terrier,TRUE,FALSE,TRUE,Lubbock,TX,79416
174,48382856,TX2454,https://www.petfinder.com/dog/bo-48382856/tx/lubbock/operation-pawprints-tx2454/?referrer_id=54b3e8b4-1f2b-4e09-ab92-c91e8b0bece0,Dog,Dog,Young,Male,Medium,BO,adoptable,2020-07-02T19:00:18+0000,2020-07-02T19:00:18+0000,112.8065,Pit Bull Terrier,,TRUE,FALSE,TRUE,Lubbock,TX,79416
248,48099173,TX2454,https://www.petfinder.com/dog/owen-48099173/tx/lubbock/operation-pawprints-tx2454/?referrer_id=54b3e8b4-1f2b-4e09-ab92-c91e8b0bece0,Dog,Dog,Adult,Male,Medium,Owen,adoptable,2020-05-31T01:34:42+0000,2020-05-31T01:34:42+0000,112.8065,Pit Bull Terrier,,TRUE,FALSE,TRUE,Lubbock,TX,79416
249,48099154,TX2454,https://www.petfinder.com/dog/velvet-48099154/tx/lubbock/operation-pawprints-tx2454/?referrer_id=54b3e8b4-1f2b-4e09-ab92-c91e8b0bece0,Dog,Dog,Adult,Female,Small,Velvet,adoptable,2020-05-31T01:20:07+0000,2020-05-31T01:20:07+0000,112.8065,Chiweenie,,TRUE,FALSE,TRUE,Lubbock,TX,79416
253,47922902,TX2454,https://www.petfinder.com/dog/phoenix-47922902/tx/lubbock/operation-pawprints-tx2454/?referrer_id=54b3e8b4-1f2b-4e09-ab92-c91e8b0bece0,Dog,Dog,Adult,Male,Medium,Phoenix,adoptable,2020-05-04T03:19:55+0000,2020-05-04T03:19:55+0000,112.8065,Pit Bull Terrier,,TRUE,FALSE,TRUE,Lubbock,TX,79416
256,47893531,TX2454,https://www.petfinder.com/dog/seymore-47893531/tx/lubbock/operation-pawprints-tx2454/?referrer_id=54b3e8b4-1f2b-4e09-ab92-c91e8b0bece0,Dog,Dog,Adult,Male,Medium,Seymore,adoptable,2020-04-29T02:48:21+0000,2020-04-29T02:48:21+0000,112.8065,Blue Lacy,,TRUE,FALSE,TRUE,Lubbock,TX,79416
257,47892517,TX2454,https://www.petfinder.com/dog/figaro-47892517/tx/lubbock/operation-pawprints-tx2454/?referrer_id=54b3e8b4-1f2b-4e09-ab92-c91e8b0bece0,Dog,Dog,Adult,Male,Medium,Figaro,adoptable,2020-04-29T02:44:07+0000,2020-04-29T02:44:07+0000,112.8065,Blue Lacy,,TRUE,FALSE,TRUE,Lubbock,TX,79416
260,47808582,TX2287,https://www.petfinder.com/dog/maggy-47808582/tx/lubbock/lubbock-animal-services-tx2287/?referrer_id=54b3e8b4-1f2b-4e09-ab92-c91e8b0bece0,Dog,Dog,Adult,Female,Medium,Maggy,adoptable,2020-04-14T10:01:49+0000,2020-04-14T10:01:49+0000,115.2064,Pit Bull Terrier,,FALSE,FALSE,TRUE,Lubbock,TX,79404
262,47658596,TX2454,https://www.petfinder.com/dog/shiner-47658596/tx/lubbock/operation-pawprints-tx2454/?referrer_id=54b3e8b4-1f2b-4e09-ab92-c91e8b0bece0,Dog,Dog,Adult,Male,Large,Shiner,adoptable,2020-09-27T16:01:43+0000,2020-03-20T02:57:57+0000,112.8065,Boxer,Dalmatian,TRUE,FALSE,TRUE,Lubbock,TX,79416
272,45277292,TX1300,https://www.petfinder.com/dog/chad-45277292/tx/lubbock/morris-safe-house-foundation-tx1300/?referrer_id=54b3e8b4-1f2b-4e09-ab92-c91e8b0bece0,Dog,Dog,Young,Male,Medium,CHAD,adoptable,2019-07-16T22:30:58+0000,2019-07-16T22:30:58+0000,114.5243,Labrador Retriever,,TRUE,FALSE,TRUE,Lubbock,TX,79407
273,45250128,TX1297,https://www.petfinder.com/dog/hazel-45250128/tx/lubbock/saving-grace-pit-bull-rescue-tx1297/?referrer_id=54b3e8b4-1f2b-4e09-ab92-c91e8b0bece0,Dog,Dog,Adult,Female,Large,Hazel,adoptable,2019-07-13T17:49:39+0000,2019-07-13T17:49:39+0000,117.5206,Weimaraner,Pit Bull Terrier,TRUE,FALSE,FALSE,Lubbock,TX,79424
276,44650933,TX1696,https://www.petfinder.com/dog/annie-44650933/tx/lubbock/south-plains-spca-tx1696/?referrer_id=54b3e8b4-1f2b-4e09-ab92-c91e8b0bece0,Dog,Dog,Adult,Female,Large,Annie,adoptable,2019-05-09T12:14:06+0000,2019-05-09T12:14:06+0000,114.5243,Pit Bull Terrier,,TRUE,FALSE,TRUE,Lubbock,TX,79407
279,43018260,TX1300,https://www.petfinder.com/dog/sparky-43018260/tx/lubbock/morris-safe-house-foundation-tx1300/?referrer_id=54b3e8b4-1f2b-4e09-ab92-c91e8b0bece0,Dog,Dog,Adult,Male,Small,Sparky,adoptable,2018-10-14T16:43:49+0000,2018-10-14T16:43:49+0000,114.5243,Chihuahua,,TRUE,FALSE,TRUE,Lubbock,TX,79407
49,49762056,OK484,https://www.petfinder.com/dog/niko-49762056/ok/mangum/mangum-animal-shelter-ok484/?referrer_id=54b3e8b4-1f2b-4e09-ab92-c91e8b0bece0,Dog,Dog,Young,Male,Medium,NIKO,adoptable,2020-11-11T19:10:15+0000,2020-11-11T19:10:15+0000,133.7884,Husky,,FALSE,FALSE,TRUE,Mangum,OK,73554
50,49761367,OK484,https://www.petfinder.com/dog/togo-49761367/ok/mangum/mangum-animal-shelter-ok484/?referrer_id=54b3e8b4-1f2b-4e09-ab92-c91e8b0bece0,Dog,Dog,Young,Male,Medium,TOGO,adoptable,2020-11-11T18:10:08+0000,2020-11-11T18:10:08+0000,133.7884,Husky,,FALSE,FALSE,TRUE,Mangum,OK,73554
106,49398139,OK484,https://www.petfinder.com/dog/helen-49398139/ok/mangum/mangum-animal-shelter-ok484/?referrer_id=54b3e8b4-1f2b-4e09-ab92-c91e8b0bece0,Dog,Dog,Adult,Female,Small,HELEN,adoptable,2020-10-09T16:10:10+0000,2020-10-09T16:10:10+0000,133.7884,Catahoula Leopard Dog,Mixed Breed,FALSE,FALSE,TRUE,Mangum,OK,73554
113,49348123,OK484,https://www.petfinder.com/dog/rodger-49348123/ok/mangum/mangum-animal-shelter-ok484/?referrer_id=54b3e8b4-1f2b-4e09-ab92-c91e8b0bece0,Dog,Dog,Young,Male,Small,RODGER,adoptable,2020-10-05T21:10:18+0000,2020-10-05T21:10:18+0000,133.7884,Black Labrador Retriever,,FALSE,FALSE,TRUE,Mangum,OK,73554
114,49344827,OK484,https://www.petfinder.com/dog/mac-stray-ma191-49344827/ok/mangum/mangum-animal-shelter-ok484/?referrer_id=54b3e8b4-1f2b-4e09-ab92-c91e8b0bece0,Dog,Dog,Adult,Male,Small,MAC-Stray-ma191,adoptable,2020-10-05T17:10:07+0000,2020-10-05T17:10:07+0000,133.7884,Hound,,FALSE,FALSE,TRUE,Mangum,OK,73554
143,49050943,OK484,https://www.petfinder.com/dog/yogi-49050943/ok/mangum/mangum-animal-shelter-ok484/?referrer_id=54b3e8b4-1f2b-4e09-ab92-c91e8b0bece0,Dog,Dog,Adult,Male,Small,YOGI,adoptable,2020-09-10T22:10:11+0000,2020-09-10T22:10:11+0000,133.7884,American Staffordshire Terrier,American Bulldog,FALSE,FALSE,TRUE,Mangum,OK,73554
151,48895153,OK484,https://www.petfinder.com/dog/xylas-48895153/ok/mangum/mangum-animal-shelter-ok484/?referrer_id=54b3e8b4-1f2b-4e09-ab92-c91e8b0bece0,Dog,Dog,Adult,Female,Small,XYLAS,adoptable,2020-10-29T19:10:15+0000,2020-08-27T16:10:09+0000,133.7884,American Staffordshire Terrier,,FALSE,FALSE,TRUE,Mangum,OK,73554
153,48837739,OK484,https://www.petfinder.com/dog/mac-stray-ma177-48837739/ok/mangum/mangum-animal-shelter-ok484/?referrer_id=54b3e8b4-1f2b-4e09-ab92-c91e8b0bece0,Dog,Dog,Young,Male,Small,MAC-Stray-ma177,adoptable,2020-08-21T03:10:08+0000,2020-08-21T03:10:08+0000,133.7884,Border Collie,,FALSE,FALSE,TRUE,Mangum,OK,73554
154,48837740,OK484,https://www.petfinder.com/dog/mac-stray-ma178-48837740/ok/mangum/mangum-animal-shelter-ok484/?referrer_id=54b3e8b4-1f2b-4e09-ab92-c91e8b0bece0,Dog,Dog,Young,Male,Small,MAC-Stray-ma178,adoptable,2020-08-21T03:10:08+0000,2020-08-21T03:10:08+0000,133.7884,Border Collie,,FALSE,FALSE,TRUE,Mangum,OK,73554
167,48572561,OK484,https://www.petfinder.com/dog/mac-stray-ma171-48572561/ok/mangum/mangum-animal-shelter-ok484/?referrer_id=54b3e8b4-1f2b-4e09-ab92-c91e8b0bece0,Dog,Dog,Young,Female,Small,MAC-Stray-ma171,adoptable,2020-07-23T15:10:13+0000,2020-07-23T15:10:13+0000,133.7884,Smooth Collie,,FALSE,FALSE,TRUE,Mangum,OK,73554
32,49774734,TX1492,https://www.petfinder.com/dog/issac-newton-44794-49774734/tx/pampa/pampa-animal-welfare-society-tx1492/?referrer_id=54b3e8b4-1f2b-4e09-ab92-c91e8b0bece0,Dog,Dog,Adult,Male,Medium,Issac Newton 44794,adoptable,2020-11-12T22:28:15+0000,2020-11-12T22:28:14+0000,53.5751,Collie,,TRUE,FALSE,TRUE,Pampa,TX,79065
51,49759271,TX1492,https://www.petfinder.com/dog/chloe-bank-44792-49759271/tx/pampa/pampa-animal-welfare-society-tx1492/?referrer_id=54b3e8b4-1f2b-4e09-ab92-c91e8b0bece0,Dog,Dog,Adult,Male,Small,Chloe Bank$ 44792,adoptable,2020-11-11T14:44:04+0000,2020-11-11T14:44:04+0000,53.5751,Chihuahua,,TRUE,FALSE,TRUE,Pampa,TX,79065
54,49747916,TX1492,https://www.petfinder.com/dog/chuck-berry-44746-49747916/tx/pampa/pampa-animal-welfare-society-tx1492/?referrer_id=54b3e8b4-1f2b-4e09-ab92-c91e8b0bece0,Dog,Dog,Adult,Male,Medium,Chuck Berry 44746,adoptable,2020-11-10T15:14:04+0000,2020-11-10T15:14:04+0000,53.5751,Pit Bull Terrier,,TRUE,FALSE,TRUE,Pampa,TX,79065
55,49747766,TX1492,https://www.petfinder.com/dog/flap-jack-44775-49747766/tx/pampa/pampa-animal-welfare-society-tx1492/?referrer_id=54b3e8b4-1f2b-4e09-ab92-c91e8b0bece0,Dog,Dog,Young,Male,Medium,Flap Jack 44775,adoptable,2020-11-10T14:43:38+0000,2020-11-10T14:43:38+0000,53.5751,Black Labrador Retriever,,TRUE,FALSE,TRUE,Pampa,TX,79065
56,49747622,TX1492,https://www.petfinder.com/dog/rosie-petal-44785-49747622/tx/pampa/pampa-animal-welfare-society-tx1492/?referrer_id=54b3e8b4-1f2b-4e09-ab92-c91e8b0bece0,Dog,Dog,Young,Female,Medium,Rosie Petal 44785,adoptable,2020-11-10T14:16:24+0000,2020-11-10T14:16:24+0000,53.5751,Australian Cattle Dog / Blue Heeler,,TRUE,FALSE,TRUE,Pampa,TX,79065
64,49738534,TX1492,https://www.petfinder.com/dog/drago-malfroy-44593-49738534/tx/pampa/pampa-animal-welfare-society-tx1492/?referrer_id=54b3e8b4-1f2b-4e09-ab92-c91e8b0bece0,Dog,Dog,Adult,Male,Medium,Drago Malfroy 44593,adoptable,2020-11-09T15:59:15+0000,2020-11-09T15:59:15+0000,53.5751,Pit Bull Terrier,,TRUE,FALSE,TRUE,Pampa,TX,79065
65,49738533,TX1492,https://www.petfinder.com/dog/jasper-jelly-bean-44754-49738533/tx/pampa/pampa-animal-welfare-society-tx1492/?referrer_id=54b3e8b4-1f2b-4e09-ab92-c91e8b0bece0,Dog,Dog,Adult,Male,Small,Jasper Jelly Bean 44754,adoptable,2020-11-09T15:59:15+0000,2020-11-09T15:59:15+0000,53.5751,Australian Shepherd,,TRUE,FALSE,TRUE,Pampa,TX,79065
66,49738339,TX1492,https://www.petfinder.com/dog/sexy-rexy-44765-49738339/tx/pampa/pampa-animal-welfare-society-tx1492/?referrer_id=54b3e8b4-1f2b-4e09-ab92-c91e8b0bece0,Dog,Dog,Adult,Male,Medium,Sexy Rexy 44765,adoptable,2020-11-09T15:28:58+0000,2020-11-09T15:28:58+0000,53.5751,Black Mouth Cur,,TRUE,FALSE,TRUE,Pampa,TX,79065
67,49738338,TX1492,https://www.petfinder.com/dog/pokey-outlaw-44748-49738338/tx/pampa/pampa-animal-welfare-society-tx1492/?referrer_id=54b3e8b4-1f2b-4e09-ab92-c91e8b0bece0,Dog,Dog,Adult,Male,Medium,Pokey Outlaw 44748,adoptable,2020-11-09T15:28:58+0000,2020-11-09T15:28:58+0000,53.5751,Pit Bull Terrier,,TRUE,FALSE,TRUE,Pampa,TX,79065
68,49738000,TX1492,https://www.petfinder.com/dog/peanut-mcfries-44747-49738000/tx/pampa/pampa-animal-welfare-society-tx1492/?referrer_id=54b3e8b4-1f2b-4e09-ab92-c91e8b0bece0,Dog,Dog,Adult,Male,Medium,Peanut McFries 44747,adoptable,2020-11-09T15:14:08+0000,2020-11-09T15:14:08+0000,53.5751,Pit Bull Terrier,,TRUE,FALSE,TRUE,Pampa,TX,79065
85,49624503,TX1492,https://www.petfinder.com/dog/diesel-nascar-44563-49624503/tx/pampa/pampa-animal-welfare-society-tx1492/?referrer_id=54b3e8b4-1f2b-4e09-ab92-c91e8b0bece0,Dog,Dog,Adult,Male,Medium,Diesel Nascar 44563,adoptable,2020-10-28T15:23:49+0000,2020-10-28T15:23:49+0000,53.5751,Pit Bull Terrier,,TRUE,FALSE,TRUE,Pampa,TX,79065
100,49507127,TX1492,https://www.petfinder.com/dog/luna-lexi-44285-49507127/tx/pampa/pampa-animal-welfare-society-tx1492/?referrer_id=54b3e8b4-1f2b-4e09-ab92-c91e8b0bece0,Dog,Dog,Adult,Female,Medium,Luna Lexi 44285,adoptable,2020-10-18T14:41:37+0000,2020-10-18T14:41:37+0000,53.5751,Pit Bull Terrier,,TRUE,FALSE,TRUE,Pampa,TX,79065
119,49243995,TX1492,https://www.petfinder.com/dog/baby-girl-taco-44244-49243995/tx/pampa/pampa-animal-welfare-society-tx1492/?referrer_id=54b3e8b4-1f2b-4e09-ab92-c91e8b0bece0,Dog,Dog,Adult,Female,Medium,Baby Girl Taco 44244,adoptable,2020-09-27T15:56:30+0000,2020-09-27T15:56:30+0000,53.5751,Australian Cattle Dog / Blue Heeler,McNab,TRUE,FALSE,TRUE,Pampa,TX,79065
159,48626661,TX1492,https://www.petfinder.com/dog/larry-the-cable-guy-42919-48626661/tx/pampa/pampa-animal-welfare-society-tx1492/?referrer_id=54b3e8b4-1f2b-4e09-ab92-c91e8b0bece0,Dog,Dog,Adult,Male,Large,Larry the Cable Guy 42919,adoptable,2020-07-29T13:49:10+0000,2020-07-29T13:49:10+0000,53.5751,Australian Shepherd,,TRUE,FALSE,TRUE,Pampa,TX,79065
252,48011911,TX1492,https://www.petfinder.com/dog/apollo-the-sun-dog-42695-48011911/tx/pampa/pampa-animal-welfare-society-tx1492/?referrer_id=54b3e8b4-1f2b-4e09-ab92-c91e8b0bece0,Dog,Dog,Young,Male,Medium,Apollo the Sun Dog 42695,adoptable,2020-05-18T17:10:07+0000,2020-05-18T17:10:07+0000,53.5751,Cattle Dog,,TRUE,FALSE,TRUE,Pampa,TX,79065
270,45906358,TX1492,https://www.petfinder.com/dog/hank-williams-43906-45906358/tx/pampa/pampa-animal-welfare-society-tx1492/?referrer_id=54b3e8b4-1f2b-4e09-ab92-c91e8b0bece0,Dog,Dog,Adult,Male,Medium,Hank Williams 43906,adoptable,2020-08-27T18:11:41+0000,2019-09-08T15:28:21+0000,53.5751,Pit Bull Terrier,,TRUE,FALSE,TRUE,Pampa,TX,79065
82,49639335,TX1423,https://www.petfinder.com/dog/andy-49639335/tx/post/post-animal-refuge-center-tx1423/?referrer_id=54b3e8b4-1f2b-4e09-ab92-c91e8b0bece0,Dog,Dog,Adult,Male,Medium,Andy,adoptable,2020-10-29T19:44:06+0000,2020-10-29T19:44:06+0000,142.7177,Mixed Breed,,TRUE,FALSE,TRUE,Post,TX,79356
125,49210293,TX1423,https://www.petfinder.com/dog/jake-49210293/tx/post/post-animal-refuge-center-tx1423/?referrer_id=54b3e8b4-1f2b-4e09-ab92-c91e8b0bece0,Dog,Dog,Young,Male,Medium,Jake,adoptable,2020-09-24T19:34:06+0000,2020-09-24T19:34:06+0000,142.7177,Labrador Retriever,,TRUE,FALSE,TRUE,Post,TX,79356
157,48769915,TX1423,https://www.petfinder.com/dog/roxi-48769915/tx/post/post-animal-refuge-center-tx1423/?referrer_id=54b3e8b4-1f2b-4e09-ab92-c91e8b0bece0,Dog,Dog,Young,Female,Medium,Roxi,adoptable,2020-08-13T20:17:19+0000,2020-08-13T20:17:19+0000,142.7177,Mixed Breed,,TRUE,FALSE,TRUE,Post,TX,79356
160,48588400,TX1423,https://www.petfinder.com/dog/suzie-aka-kelci-48588400/tx/post/post-animal-refuge-center-tx1423/?referrer_id=54b3e8b4-1f2b-4e09-ab92-c91e8b0bece0,Dog,Dog,Adult,Female,Medium,Suzie (aka Kelci),adoptable,2020-07-24T21:32:07+0000,2020-07-24T21:32:07+0000,142.7177,Pit Bull Terrier,,TRUE,FALSE,TRUE,Post,TX,79356
161,48588347,TX1423,https://www.petfinder.com/dog/charli-48588347/tx/post/post-animal-refuge-center-tx1423/?referrer_id=54b3e8b4-1f2b-4e09-ab92-c91e8b0bece0,Dog,Dog,Young,Female,Medium,Charli,adoptable,2020-07-24T21:24:12+0000,2020-07-24T21:24:12+0000,142.7177,German Shepherd Dog,,TRUE,FALSE,TRUE,Post,TX,79356
271,45334034,TX1423,https://www.petfinder.com/dog/henry-45334034/tx/post/post-animal-refuge-center-tx1423/?referrer_id=54b3e8b4-1f2b-4e09-ab92-c91e8b0bece0,Dog,Dog,Young,Male,Medium,Henry,adoptable,2019-07-22T11:00:58+0000,2019-07-22T11:00:58+0000,142.7177,Pit Bull Terrier,,TRUE,FALSE,TRUE,Post,TX,79356
274,44711413,TX1423,https://www.petfinder.com/dog/shirley-44711413/tx/post/post-animal-refuge-center-tx1423/?referrer_id=54b3e8b4-1f2b-4e09-ab92-c91e8b0bece0,Dog,Dog,Young,Female,Medium,Shirley,adoptable,2019-05-16T15:25:45+0000,2019-05-16T15:25:45+0000,142.7177,Pit Bull Terrier,,TRUE,FALSE,TRUE,Post,TX,79356
275,44651073,TX1423,https://www.petfinder.com/dog/blade-44651073/tx/post/post-animal-refuge-center-tx1423/?referrer_id=54b3e8b4-1f2b-4e09-ab92-c91e8b0bece0,Dog,Dog,Young,Male,Medium,Blade,adoptable,2019-07-07T09:22:03+0000,2019-05-09T13:36:15+0000,142.7177,Pit Bull Terrier,,TRUE,FALSE,TRUE,Post,TX,79356
277,43728393,TX1423,https://www.petfinder.com/dog/ricky-43728393/tx/post/post-animal-refuge-center-tx1423/?referrer_id=54b3e8b4-1f2b-4e09-ab92-c91e8b0bece0,Dog,Dog,Young,Male,Large,Ricky,adoptable,2019-01-09T12:30:29+0000,2019-01-09T12:30:29+0000,142.7177,Pit Bull Terrier,,TRUE,FALSE,TRUE,Post,TX,79356
84,49633738,NM144,https://www.petfinder.com/dog/sweet-pea-49633738/nm/tucumcari/paws-and-claws-animal-rescue-of-quay-county-inc-nm144/?referrer_id=54b3e8b4-1f2b-4e09-ab92-c91e8b0bece0,Dog,Dog,Young,Female,Medium,Sweet Pea,adoptable,2020-10-29T10:00:14+0000,2020-10-29T10:00:14+0000,105.697,Pit Bull Terrier,Husky,TRUE,FALSE,TRUE,Tucumcari,NM,88401
137,49110845,NM144,https://www.petfinder.com/dog/zeus-49110845/nm/tucumcari/paws-and-claws-animal-rescue-of-quay-county-inc-nm144/?referrer_id=54b3e8b4-1f2b-4e09-ab92-c91e8b0bece0,Dog,Dog,Adult,Male,Small,Zeus,adoptable,2020-09-16T10:01:15+0000,2020-09-16T10:01:15+0000,105.697,Doberman Pinscher,Mixed Breed,FALSE,FALSE,TRUE,Tucumcari,NM,88401
142,49073871,NM144,https://www.petfinder.com/dog/walter-finn-49073871/nm/tucumcari/paws-and-claws-animal-rescue-of-quay-county-inc-nm144/?referrer_id=54b3e8b4-1f2b-4e09-ab92-c91e8b0bece0,Dog,Dog,Adult,Male,Small,Walter Finn,adoptable,2020-09-12T21:32:07+0000,2020-09-12T21:32:07+0000,105.697,Chihuahua,,TRUE,FALSE,TRUE,Tucumcari,NM,88401
149,48927042,NM144,https://www.petfinder.com/dog/buddy-48927042/nm/tucumcari/paws-and-claws-animal-rescue-of-quay-county-inc-nm144/?referrer_id=54b3e8b4-1f2b-4e09-ab92-c91e8b0bece0,Dog,Dog,Senior,Male,Small,Buddy,adoptable,2020-08-31T04:30:04+0000,2020-08-31T04:30:04+0000,105.697,Pomeranian,,TRUE,FALSE,FALSE,Tucumcari,NM,88401
246,48174698,NM144,https://www.petfinder.com/dog/buck-48174698/nm/tucumcari/paws-and-claws-animal-rescue-of-quay-county-inc-nm144/?referrer_id=54b3e8b4-1f2b-4e09-ab92-c91e8b0bece0,Dog,Dog,Adult,Male,Large,Buck,adoptable,2020-06-09T10:00:19+0000,2020-06-09T10:00:19+0000,105.697,Shepherd,Mixed Breed,TRUE,FALSE,TRUE,Tucumcari,NM,88401
254,47918777,NM144,https://www.petfinder.com/dog/rosie-47918777/nm/tucumcari/paws-and-claws-animal-rescue-of-quay-county-inc-nm144/?referrer_id=54b3e8b4-1f2b-4e09-ab92-c91e8b0bece0,Dog,Dog,Adult,Female,Medium,Rosie,adoptable,2020-05-03T10:00:53+0000,2020-05-03T10:00:53+0000,105.697,Mixed Breed,,TRUE,FALSE,TRUE,Tucumcari,NM,88401